c.floats.float-split-1;student1;student2;1;0.95057
c.floats.float-split-1;student3;student4;2;0.72
c.floats.float-split-1;student2;student5;3;0.923372
c.floats.float-split-1;student1;student5;4;0.935606
c.floats.float-split-1;student6;student7;5;0.772414
c.floats.float-split-1;student8;student9;6;0.834337
c.floats.float-split-1;student10;student5;8;0.666667
c.floats.float-split-1;student11;student9;9;0.380319
c.floats.float-split-1;student10;student2;11;0.620939
c.floats.float-split-1;student10;student1;12;0.635714
c.floats.float-split-1;student12;student13;12;0.789831
c.floats.float-split-1;student11;student8;13;0.371658
c.floats.float-split-1;student14;student15;13;0.666667
c.floats.float-split-1;student16;student17;13;0.663957
c.floats.float-split-1;student17;student15;14;0.743284
c.floats.float-split-1;student18;student4;15;0.501832
c.floats.float-split-1;student18;student3;16;0.423529
c.floats.float-split-1;student18;student19;16;0.516667
c.floats.float-split-1;student16;student14;17;0.698454
c.floats.float-split-1;student16;student15;18;0.558333
c.floats.float-split-1;student12;student1;18;0.760563
c.floats.float-split-1;student12;student2;19;0.748227
c.floats.float-split-1;student20;student21;19;0.518987
c.floats.float-split-1;student21;student19;19;0.574394
c.floats.float-split-1;student22;student14;19;0.559229
c.floats.float-split-1;student18;student23;20;0.303922
c.floats.float-split-1;student24;student8;20;0.517751
c.floats.float-split-1;student24;student9;20;0.494318
c.floats.float-split-1;student25;student13;20;0.516746
c.floats.float-split-1;student25;student6;21;0.316364
c.floats.float-split-1;student18;student26;21;0.557823
c.floats.float-split-1;student18;student20;21;0.465517
c.floats.float-split-1;student27;student19;21;0.515625
c.floats.float-split-1;student28;student29;21;0.615979
c.floats.float-split-1;student25;student7;22;0.318841
c.floats.float-split-1;student18;student27;22;0.45
c.floats.float-split-1;student18;student21;22;0.414791
c.floats.float-split-1;student30;student5;22;0.565972
c.floats.float-split-1;student27;student20;22;0.559767
c.floats.float-split-1;student27;student21;22;0.473354
c.floats.float-split-1;student12;student25;22;0.265385
c.floats.float-split-1;student12;student5;22;0.737589
c.floats.float-split-1;student26;student19;22;0.478261
c.floats.float-split-1;student22;student15;22;0.557927
c.floats.float-split-1;student10;student12;23;0.524138
c.floats.float-split-1;student20;student3;23;0.397924
c.floats.float-split-1;student10;student23;23;0.380567
c.floats.float-split-1;student31;student7;24;0.491166
c.floats.float-split-1;student20;student4;24;0.398058
c.floats.float-split-1;student12;student19;24;0.479554
c.floats.float-split-1;student23;student5;24;0.436782
c.floats.float-split-1;student23;student1;24;0.436567
c.floats.float-split-1;student6;student31;24;0.43007
c.floats.float-split-1;student1;student13;24;0.69708
c.floats.float-split-1;student2;student13;25;0.682657
c.floats.float-split-1;student14;student17;25;0.546917
c.floats.float-split-1;student23;student2;25;0.416357
c.floats.float-split-1;student3;student19;25;0.356618
c.floats.float-split-1;student21;student26;25;0.504615
c.floats.float-split-1;student18;student12;25;0.341727
c.floats.float-split-1;student30;student2;25;0.535354
c.floats.float-split-1;student27;student4;25;0.381757
c.floats.float-split-1;student20;student19;25;0.52988
c.floats.float-split-1;student32;student12;25;0.449511
c.floats.float-split-1;student33;student26;26;0.375
c.floats.float-split-1;student30;student1;26;0.526667
c.floats.float-split-1;student27;student3;26;0.305556
c.floats.float-split-1;student4;student19;26;0.373333
c.floats.float-split-1;student23;student19;26;0.381743
c.floats.float-split-1;student22;student16;26;0.493473
c.floats.float-split-1;student27;student26;27;0.350299
c.floats.float-split-1;student27;student34;27;0.525926
c.floats.float-split-1;student7;student15;27;0.467742
c.floats.float-split-1;student4;student34;27;0.423221
c.floats.float-split-1;student12;student26;27;0.255738
c.floats.float-split-1;student3;student34;27;0.340741
c.floats.float-split-1;student32;student21;27;0.501466
c.floats.float-split-1;student24;student11;28;0.296791
c.floats.float-split-1;student6;student15;28;0.457413
c.floats.float-split-1;student26;student34;28;0.370079
c.floats.float-split-1;student30;student10;28;0.427536
c.floats.float-split-1;student11;student19;28;0.221865
c.floats.float-split-1;student13;student5;28;0.665441
c.floats.float-split-1;student31;student15;28;0.636667
c.floats.float-split-1;student23;student4;28;0.559322
c.floats.float-split-1;student21;student12;28;0.246201
c.floats.float-split-1;student2;student31;28;0.456081
c.floats.float-split-1;student19;student34;29;0.488806
c.floats.float-split-1;student19;student5;29;0.318681
c.floats.float-split-1;student10;student19;29;0.365591
c.floats.float-split-1;student33;student25;29;0.445946
c.floats.float-split-1;student21;student4;29;0.356495
c.floats.float-split-1;student21;student3;29;0.28479
c.floats.float-split-1;student10;student31;29;0.555957
c.floats.float-split-1;student1;student31;29;0.431438
c.floats.float-split-1;student3;student23;29;0.531429
c.floats.float-split-1;student3;student11;29;0.211864
c.floats.float-split-1;student12;student7;30;0.575563
c.floats.float-split-1;student12;student6;30;0.447712
c.floats.float-split-1;student18;student11;30;0.259701
c.floats.float-split-1;student33;student4;30;0.277778
c.floats.float-split-1;student26;student23;30;0.254545
c.floats.float-split-1;student26;student4;30;0.306452
c.floats.float-split-1;student3;student26;30;0.210145
c.floats.float-split-1;student3;student33;30;0.217532
c.floats.float-split-1;student20;student26;31;0.315287
c.floats.float-split-1;student18;student10;31;0.302239
c.floats.float-split-1;student27;student12;31;0.407801
c.floats.float-split-1;student20;student12;31;0.431159
c.floats.float-split-1;student32;student25;31;0.467914
c.floats.float-split-1;student32;student10;31;0.51495
c.floats.float-split-1;student12;student31;31;0.315254
c.floats.float-split-1;student11;student4;31;0.286738
c.floats.float-split-1;student4;student7;31;0.307947
c.floats.float-split-1;student6;student13;31;0.406077
c.floats.float-split-1;student6;student34;31;0.445946
c.floats.float-split-1;student35;student8;31;0.462103
c.floats.float-split-1;student31;student5;31;0.42807
c.floats.float-split-1;student19;student2;31;0.296429
c.floats.float-split-1;student25;student34;31;0.185075
c.floats.float-split-1;student1;student19;31;0.275261
c.floats.float-split-1;student36;student17;31;0.409091
c.floats.float-split-1;student14;student31;31;0.574405
c.floats.float-split-1;student3;student7;31;0.30897
c.floats.float-split-1;student13;student7;32;0.386555
c.floats.float-split-1;student4;student6;32;0.301695
c.floats.float-split-1;student25;student15;32;0.40678
c.floats.float-split-1;student18;student5;32;0.269663
c.floats.float-split-1;student25;student4;32;0.17037
c.floats.float-split-1;student20;student23;32;0.299578
c.floats.float-split-1;student33;student19;32;0.325203
c.floats.float-split-1;student22;student17;32;0.463068
c.floats.float-split-1;student3;student6;32;0.322148
c.floats.float-split-1;student3;student25;32;0.123167
c.floats.float-split-1;student22;student6;33;0.367041
c.floats.float-split-1;student21;student34;33;0.394137
c.floats.float-split-1;student18;student33;33;0.288961
c.floats.float-split-1;student30;student31;33;0.342657
c.floats.float-split-1;student11;student35;33;0.287129
c.floats.float-split-1;student7;student34;33;0.425676
c.floats.float-split-1;student37;student13;33;0.371053
c.floats.float-split-1;student3;student12;33;0.266932
c.floats.float-split-1;student2;student7;34;0.478764
c.floats.float-split-1;student1;student7;34;0.463878
c.floats.float-split-1;student18;student34;34;0.356863
c.floats.float-split-1;student18;student1;34;0.252708
c.floats.float-split-1;student18;student2;34;0.259124
c.floats.float-split-1;student27;student33;34;0.356467
c.floats.float-split-1;student27;student6;34;0.421053
c.floats.float-split-1;student27;student7;34;0.426056
c.floats.float-split-1;student12;student4;34;0.274131
c.floats.float-split-1;student35;student9;34;0.428241
c.floats.float-split-1;student19;student13;34;0.325733
c.floats.float-split-1;student33;student13;34;0.436111
c.floats.float-split-1;student22;student7;34;0.414343
c.floats.float-split-1;student28;student12;34;0.185976
c.floats.float-split-1;student22;student31;34;0.58806
c.floats.float-split-1;student16;student36;34;0.391304
c.floats.float-split-1;student33;student23;34;0.199153
c.floats.float-split-1;student25;student31;34;0.41791
c.floats.float-split-1;student18;student13;35;0.30791
c.floats.float-split-1;student30;student12;35;0.420712
c.floats.float-split-1;student27;student25;35;0.372998
c.floats.float-split-1;student27;student23;35;0.254464
c.floats.float-split-1;student10;student13;35;0.421875
c.floats.float-split-1;student26;student13;35;0.328804
c.floats.float-split-1;student6;student1;35;0.410256
c.floats.float-split-1;student25;student26;35;0.306667
c.floats.float-split-1;student12;student33;35;0.4
c.floats.float-split-1;student21;student33;35;0.378125
c.floats.float-split-1;student32;student13;35;0.405556
c.floats.float-split-1;student32;student38;35;0.444134
c.floats.float-split-1;student12;student23;35;0.326087
c.floats.float-split-1;student3;student8;35;0.513636
c.floats.float-split-1;student10;student7;36;0.408638
c.floats.float-split-1;student10;student26;36;0.296667
c.floats.float-split-1;student26;student1;36;0.28839
c.floats.float-split-1;student26;student2;36;0.286792
c.floats.float-split-1;student6;student2;36;0.397436
c.floats.float-split-1;student25;student37;36;0.26971
c.floats.float-split-1;student25;student19;36;0.134948
c.floats.float-split-1;student6;student29;36;0.381616
c.floats.float-split-1;student31;student13;36;0.331461
c.floats.float-split-1;student19;student9;36;0.30131
c.floats.float-split-1;student22;student25;36;0.471053
c.floats.float-split-1;student3;student9;36;0.370833
c.floats.float-split-1;student32;student5;36;0.325088
c.floats.float-split-1;student32;student20;36;0.389241
c.floats.float-split-1;student28;student6;36;0.259947
c.floats.float-split-1;student28;student25;36;0.34965
c.floats.float-split-1;student20;student34;37;0.318493
c.floats.float-split-1;student30;student19;37;0.249084
c.floats.float-split-1;student20;student1;37;0.213333
c.floats.float-split-1;student20;student33;37;0.317221
c.floats.float-split-1;student10;student25;37;0.47037
c.floats.float-split-1;student21;student13;37;0.332425
c.floats.float-split-1;student32;student19;37;0.431973
c.floats.float-split-1;student28;student7;37;0.297521
c.floats.float-split-1;student28;student38;37;0.502513
c.floats.float-split-1;student21;student23;37;0.244
c.floats.float-split-1;student24;student35;37;0.310096
c.floats.float-split-1;student26;student6;37;0.340694
c.floats.float-split-1;student26;student5;37;0.301961
c.floats.float-split-1;student11;student5;37;0.218659
c.floats.float-split-1;student4;student8;37;0.333333
c.floats.float-split-1;student4;student9;37;0.309702
c.floats.float-split-1;student25;student1;37;0.266129
c.floats.float-split-1;student33;student6;37;0.24
c.floats.float-split-1;student39;student8;37;0.277946
c.floats.float-split-1;student19;student31;37;0.334495
c.floats.float-split-1;student7;student17;37;0.328358
c.floats.float-split-1;student7;student5;37;0.432432
c.floats.float-split-1;student7;student29;37;0.389205
c.floats.float-split-1;student31;student17;37;0.51632
c.floats.float-split-1;student14;student7;38;0.386973
c.floats.float-split-1;student26;student7;38;0.364821
c.floats.float-split-1;student10;student6;38;0.363958
c.floats.float-split-1;student10;student11;38;0.276471
c.floats.float-split-1;student18;student32;38;0.380503
c.floats.float-split-1;student18;student8;38;0.303371
c.floats.float-split-1;student18;student9;38;0.304
c.floats.float-split-1;student27;student10;38;0.346715
c.floats.float-split-1;student27;student1;38;0.292135
c.floats.float-split-1;student27;student2;38;0.296578
c.floats.float-split-1;student12;student37;38;0.182213
c.floats.float-split-1;student25;student2;38;0.288538
c.floats.float-split-1;student33;student7;38;0.327869
c.floats.float-split-1;student21;student2;38;0.206061
c.floats.float-split-1;student21;student1;38;0.201201
c.floats.float-split-1;student20;student2;38;0.215054
c.floats.float-split-1;student32;student1;38;0.315068
c.floats.float-split-1;student25;student14;38;0.371053
c.floats.float-split-1;student11;student23;38;0.147692
c.floats.float-split-1;student11;student1;38;0.217143
c.floats.float-split-1;student6;student14;38;0.264493
c.floats.float-split-1;student6;student17;38;0.213675
c.floats.float-split-1;student19;student8;38;0.266667
c.floats.float-split-1;student3;student2;38;0.223077
c.floats.float-split-1;student29;student34;39;0.270115
c.floats.float-split-1;student19;student7;39;0.436823
c.floats.float-split-1;student26;student11;39;0.296073
c.floats.float-split-1;student33;student34;39;0.188356
c.floats.float-split-1;student12;student15;39;0.218659
c.floats.float-split-1;student30;student7;39;0.383178
c.floats.float-split-1;student38;student12;39;0.209524
c.floats.float-split-1;student12;student29;39;0.232558
c.floats.float-split-1;student25;student29;39;0.283887
c.floats.float-split-1;student21;student10;39;0.285714
c.floats.float-split-1;student20;student10;39;0.349481
c.floats.float-split-1;student32;student2;39;0.286207
c.floats.float-split-1;student28;student32;39;0.340845
c.floats.float-split-1;student28;student22;39;0.312849
c.floats.float-split-1;student28;student31;39;0.383803
c.floats.float-split-1;student26;student31;39;0.31962
c.floats.float-split-1;student11;student2;39;0.224784
c.floats.float-split-1;student4;student31;39;0.291667
c.floats.float-split-1;student4;student13;39;0.269022
c.floats.float-split-1;student6;student19;39;0.385714
c.floats.float-split-1;student6;student5;39;0.357143
c.floats.float-split-1;student3;student13;39;0.206304
c.floats.float-split-1;student3;student31;39;0.247148
c.floats.float-split-1;student3;student1;39;0.243243
c.floats.float-split-1;student36;student15;40;0.282258
c.floats.float-split-1;student4;student2;40;0.240458
c.floats.float-split-1;student14;student13;40;0.296386
c.floats.float-split-1;student33;student11;40;0.204082
c.floats.float-split-1;student12;student34;40;0.329317
c.floats.float-split-1;student12;student11;40;0.261905
c.floats.float-split-1;student20;student7;40;0.455516
c.floats.float-split-1;student30;student6;40;0.366559
c.floats.float-split-1;student18;student25;40;0.322581
c.floats.float-split-1;student20;student13;40;0.34153
c.floats.float-split-1;student20;student6;40;0.359736
c.floats.float-split-1;student20;student25;40;0.354312
c.floats.float-split-1;student38;student29;40;0.507614
c.floats.float-split-1;student12;student8;40;0.197059
c.floats.float-split-1;student21;student5;40;0.214724
c.floats.float-split-1;student21;student25;40;0.403226
c.floats.float-split-1;student28;student14;40;0.323529
c.floats.float-split-1;student27;student32;40;0.339744
c.floats.float-split-1;student32;student29;40;0.399417
c.floats.float-split-1;student32;student31;40;0.530744
c.floats.float-split-1;student27;student11;41;0.274406
c.floats.float-split-1;student10;student4;41;0.237548
c.floats.float-split-1;student24;student2;41;0.38024
c.floats.float-split-1;student13;student34;41;0.294461
c.floats.float-split-1;student37;student15;41;0.231003
c.floats.float-split-1;student4;student1;41;0.192157
c.floats.float-split-1;student25;student5;41;0.25
c.floats.float-split-1;student20;student5;41;0.223118
c.floats.float-split-1;student20;student11;41;0.328767
c.floats.float-split-1;student39;student33;41;0.16188
c.floats.float-split-1;student28;student13;41;0.256098
c.floats.float-split-1;student30;student23;41;0.355556
c.floats.float-split-1;student27;student31;41;0.313869
c.floats.float-split-1;student27;student13;41;0.390313
c.floats.float-split-1;student27;student5;41;0.265152
c.floats.float-split-1;student32;student26;41;0.38535
c.floats.float-split-1;student23;student31;41;0.298113
c.floats.float-split-1;student3;student15;41;0.164596
c.floats.float-split-1;student3;student5;41;0.212851
c.floats.float-split-1;student13;student15;42;0.334239
c.floats.float-split-1;student2;student15;42;0.242331
c.floats.float-split-1;student4;student15;42;0.277955
c.floats.float-split-1;student30;student15;42;0.213622
c.floats.float-split-1;student30;student26;42;0.211356
c.floats.float-split-1;student18;student30;42;0.216912
c.floats.float-split-1;student12;student9;42;0.208333
c.floats.float-split-1;student24;student1;42;0.376119
c.floats.float-split-1;student4;student5;42;0.257692
c.floats.float-split-1;student38;student4;42;0.402235
c.floats.float-split-1;student23;student8;42;0.39267
c.floats.float-split-1;student25;student40;42;0.376218
c.floats.float-split-1;student39;student9;42;0.249284
c.floats.float-split-1;student25;student17;42;0.257732
c.floats.float-split-1;student22;student29;42;0.331445
c.floats.float-split-1;student22;student13;42;0.328283
c.floats.float-split-1;student28;student34;42;0.298851
c.floats.float-split-1;student28;student15;42;0.315364
c.floats.float-split-1;student28;student16;42;0.293194
c.floats.float-split-1;student30;student32;42;0.259843
c.floats.float-split-1;student30;student20;42;0.273038
c.floats.float-split-1;student30;student3;42;0.226148
c.floats.float-split-1;student30;student13;42;0.330218
c.floats.float-split-1;student27;student29;42;0.332461
c.floats.float-split-1;student27;student8;42;0.220513
c.floats.float-split-1;student32;student7;42;0.256881
c.floats.float-split-1;student32;student6;42;0.230994
c.floats.float-split-1;student10;student3;42;0.246032
c.floats.float-split-1;student10;student33;42;0.25817
c.floats.float-split-1;student12;student14;42;0.233422
c.floats.float-split-1;student3;student39;42;0.296943
c.floats.float-split-1;student38;student34;43;0.380531
c.floats.float-split-1;student30;student11;43;0.178571
c.floats.float-split-1;student18;student7;43;0.296552
c.floats.float-split-1;student18;student6;43;0.30742
c.floats.float-split-1;student30;student25;43;0.253165
c.floats.float-split-1;student30;student4;43;0.242188
c.floats.float-split-1;student27;student38;43;0.426316
c.floats.float-split-1;student38;student13;43;0.258621
c.floats.float-split-1;student24;student19;43;0.270701
c.floats.float-split-1;student11;student34;43;0.23622
c.floats.float-split-1;student15;student34;43;0.20462
c.floats.float-split-1;student29;student15;43;0.338753
c.floats.float-split-1;student1;student15;43;0.246154
c.floats.float-split-1;student33;student1;43;0.272374
c.floats.float-split-1;student40;student17;43;0.358824
c.floats.float-split-1;student26;student29;43;0.336111
c.floats.float-split-1;student26;student8;43;0.24183
c.floats.float-split-1;student4;student29;43;0.366391
c.floats.float-split-1;student1;student8;43;0.302941
c.floats.float-split-1;student2;student8;43;0.255952
c.floats.float-split-1;student2;student9;43;0.254144
c.floats.float-split-1;student5;student9;43;0.257703
c.floats.float-split-1;student16;student7;43;0.303887
c.floats.float-split-1;student16;student6;43;0.269504
c.floats.float-split-1;student39;student11;43;0.196474
c.floats.float-split-1;student21;student11;43;0.317647
c.floats.float-split-1;student20;student8;43;0.282051
c.floats.float-split-1;student28;student17;43;0.381381
c.floats.float-split-1;student28;student10;43;0.344828
c.floats.float-split-1;student28;student27;43;0.291139
c.floats.float-split-1;student18;student31;43;0.317518
c.floats.float-split-1;student39;student23;43;0.360976
c.floats.float-split-1;student31;student34;44;0.325806
c.floats.float-split-1;student37;student34;44;0.207547
c.floats.float-split-1;student37;student7;44;0.155508
c.floats.float-split-1;student26;student15;44;0.272727
c.floats.float-split-1;student12;student24;44;0.395062
c.floats.float-split-1;student24;student5;44;0.343284
c.floats.float-split-1;student33;student15;44;0.331269
c.floats.float-split-1;student33;student2;44;0.275591
c.floats.float-split-1;student39;student4;44;0.237589
c.floats.float-split-1;student20;student24;44;0.232432
c.floats.float-split-1;student18;student39;44;0.393939
c.floats.float-split-1;student30;student9;44;0.237569
c.floats.float-split-1;student16;student29;44;0.359788
c.floats.float-split-1;student32;student40;44;0.240476
c.floats.float-split-1;student20;student31;44;0.359477
c.floats.float-split-1;student10;student9;44;0.184211
c.floats.float-split-1;student21;student7;44;0.31746
c.floats.float-split-1;student21;student6;44;0.246988
c.floats.float-split-1;student21;student24;44;0.289086
c.floats.float-split-1;student21;student38;44;0.3297
c.floats.float-split-1;student38;student3;44;0.274854
c.floats.float-split-1;student38;student25;44;0.352185
c.floats.float-split-1;student33;student31;44;0.338346
c.floats.float-split-1;student40;student14;44;0.153846
c.floats.float-split-1;student26;student9;44;0.214984
c.floats.float-split-1;student1;student14;44;0.278196
c.floats.float-split-1;student1;student9;44;0.29558
c.floats.float-split-1;student19;student29;44;0.293769
c.floats.float-split-1;student31;student29;44;0.352381
c.floats.float-split-1;student3;student24;44;0.325991
c.floats.float-split-1;student27;student24;45;0.198992
c.floats.float-split-1;student27;student15;45;0.322188
c.floats.float-split-1;student10;student15;45;0.359621
c.floats.float-split-1;student38;student26;45;0.397878
c.floats.float-split-1;student10;student29;45;0.37785
c.floats.float-split-1;student24;student39;45;0.269521
c.floats.float-split-1;student24;student4;45;0.285714
c.floats.float-split-1;student5;student15;45;0.24375
c.floats.float-split-1;student33;student8;45;0.159544
c.floats.float-split-1;student33;student5;45;0.25098
c.floats.float-split-1;student6;student37;45;0.171306
c.floats.float-split-1;student28;student1;45;0.24924
c.floats.float-split-1;student30;student14;45;0.203774
c.floats.float-split-1;student6;student36;45;0.398876
c.floats.float-split-1;student13;student29;45;0.310606
c.floats.float-split-1;student34;student9;45;0.255144
c.floats.float-split-1;student8;student34;45;0.255144
c.floats.float-split-1;student14;student2;45;0.374517
c.floats.float-split-1;student37;student5;45;0.313653
c.floats.float-split-1;student23;student7;45;0.235043
c.floats.float-split-1;student37;student14;45;0.152542
c.floats.float-split-1;student3;student29;45;0.253602
c.floats.float-split-1;student10;student34;46;0.339286
c.floats.float-split-1;student30;student27;46;0.301038
c.floats.float-split-1;student18;student24;46;0.275093
c.floats.float-split-1;student27;student9;46;0.212821
c.floats.float-split-1;student20;student9;46;0.189802
c.floats.float-split-1;student33;student9;46;0.168571
c.floats.float-split-1;student39;student19;46;0.302128
c.floats.float-split-1;student22;student12;46;0.277937
c.floats.float-split-1;student22;student36;46;0.321918
c.floats.float-split-1;student21;student9;46;0.225397
c.floats.float-split-1;student21;student8;46;0.21194
c.floats.float-split-1;student21;student29;46;0.310734
c.floats.float-split-1;student32;student15;46;0.409938
c.floats.float-split-1;student32;student37;46;0.213068
c.floats.float-split-1;student32;student33;46;0.495549
c.floats.float-split-1;student28;student2;46;0.261538
c.floats.float-split-1;student28;student4;46;0.345109
c.floats.float-split-1;student28;student30;46;0.22291
c.floats.float-split-1;student32;student3;46;0.23676
c.floats.float-split-1;student32;student14;46;0.436464
c.floats.float-split-1;student21;student31;46;0.28115
c.floats.float-split-1;student16;student31;46;0.29805
c.floats.float-split-1;student33;student14;46;0.370667
c.floats.float-split-1;student11;student31;46;0.233533
c.floats.float-split-1;student11;student13;46;0.181102
c.floats.float-split-1;student1;student34;46;0.29771
c.floats.float-split-1;student13;student8;46;0.221024
c.floats.float-split-1;student5;student8;46;0.26284
c.floats.float-split-1;student35;student34;46;0.173697
c.floats.float-split-1;student37;student19;46;0.153846
c.floats.float-split-1;student17;student29;46;0.356568
c.floats.float-split-1;student31;student8;46;0.252874
c.floats.float-split-1;student36;student7;46;0.38983
c.floats.float-split-1;student37;student29;46;0.186567
c.floats.float-split-1;student14;student29;46;0.300813
c.floats.float-split-1;student14;student36;46;0.241611
c.floats.float-split-1;student23;student9;46;0.373057
c.floats.float-split-1;student23;student34;46;0.320574
c.floats.float-split-1;student23;student6;46;0.201342
c.floats.float-split-1;student30;student37;47;0.137787
c.floats.float-split-1;student30;student8;47;0.216763
c.floats.float-split-1;student20;student38;47;0.287879
c.floats.float-split-1;student20;student29;47;0.302799
c.floats.float-split-1;student38;student19;47;0.296407
c.floats.float-split-1;student24;student33;47;0.242138
c.floats.float-split-1;student2;student34;47;0.312741
c.floats.float-split-1;student22;student37;47;0.257979
c.floats.float-split-1;student22;student33;47;0.378453
c.floats.float-split-1;student32;student4;47;0.245283
c.floats.float-split-1;student28;student5;47;0.255452
c.floats.float-split-1;student28;student37;47;0.182045
c.floats.float-split-1;student28;student26;47;0.325203
c.floats.float-split-1;student28;student40;47;0.212521
c.floats.float-split-1;student32;student22;47;0.451895
c.floats.float-split-1;student41;student14;47;0.246667
c.floats.float-split-1;student10;student14;47;0.320442
c.floats.float-split-1;student10;student8;47;0.282787
c.floats.float-split-1;student25;student35;47;0.20398
c.floats.float-split-1;student40;student36;47;0.264151
c.floats.float-split-1;student26;student37;47;0.162222
c.floats.float-split-1;student26;student14;47;0.273973
c.floats.float-split-1;student1;student37;47;0.376471
c.floats.float-split-1;student1;student29;47;0.358065
c.floats.float-split-1;student31;student9;47;0.18314
c.floats.float-split-1;student23;student13;47;0.20438
c.floats.float-split-1;student3;student22;47;0.20339
c.floats.float-split-1;student24;student26;48;0.223529
c.floats.float-split-1;student5;student34;48;0.326693
c.floats.float-split-1;student37;student2;48;0.309091
c.floats.float-split-1;student2;student29;48;0.359477
c.floats.float-split-1;student22;student34;48;0.262431
c.floats.float-split-1;student22;student4;48;0.21727
c.floats.float-split-1;student32;student34;48;0.299094
c.floats.float-split-1;student42;student9;48;0.265896
c.floats.float-split-1;student28;student20;48;0.285714
c.floats.float-split-1;student28;student41;48;0.34632
c.floats.float-split-1;student28;student21;48;0.321429
c.floats.float-split-1;student28;student3;48;0.259259
c.floats.float-split-1;student30;student21;48;0.218563
c.floats.float-split-1;student30;student22;48;0.274809
c.floats.float-split-1;student27;student22;48;0.365854
c.floats.float-split-1;student27;student35;48;0.189448
c.floats.float-split-1;student32;student23;48;0.214815
c.floats.float-split-1;student24;student23;48;0.434286
c.floats.float-split-1;student24;student31;48;0.21118
c.floats.float-split-1;student39;student35;48;0.184019
c.floats.float-split-1;student16;student25;48;0.357868
c.floats.float-split-1;student13;student35;48;0.164706
c.floats.float-split-1;student13;student9;48;0.262857
c.floats.float-split-1;student5;student29;48;0.372093
c.floats.float-split-1;student14;student5;48;0.289062
c.floats.float-split-1;student37;student8;48;0.22293
c.floats.float-split-1;student19;student35;48;0.190332
c.floats.float-split-1;student14;student35;48;0.214815
c.floats.float-split-1;student3;student35;48;0.272727
c.floats.float-split-1;student3;student37;48;0.183183
c.floats.float-split-1;student40;student6;49;0.174528
c.floats.float-split-1;student10;student24;49;0.273846
c.floats.float-split-1;student12;student40;49;0.22619
c.floats.float-split-1;student24;student13;49;0.312139
c.floats.float-split-1;student24;student34;49;0.21131
c.floats.float-split-1;student25;student11;49;0.239234
c.floats.float-split-1;student39;student26;49;0.226804
c.floats.float-split-1;student38;student7;49;0.305949
c.floats.float-split-1;student30;student24;49;0.274336
c.floats.float-split-1;student18;student38;49;0.27762
c.floats.float-split-1;student30;student29;49;0.241158
c.floats.float-split-1;student38;student1;49;0.263323
c.floats.float-split-1;student20;student39;49;0.234783
c.floats.float-split-1;student20;student37;49;0.201238
c.floats.float-split-1;student33;student37;49;0.163978
c.floats.float-split-1;student11;student37;49;0.188161
c.floats.float-split-1;student7;student8;49;0.261029
c.floats.float-split-1;student19;student15;49;0.217687
c.floats.float-split-1;student37;student9;49;0.176842
c.floats.float-split-1;student16;student37;49;0.181347
c.floats.float-split-1;student16;student40;49;0.382716
c.floats.float-split-1;student22;student1;49;0.278196
c.floats.float-split-1;student22;student40;49;0.171598
c.floats.float-split-1;student28;student36;49;0.382353
c.floats.float-split-1;student27;student14;49;0.238693
c.floats.float-split-1;student20;student35;49;0.177156
c.floats.float-split-1;student38;student43;49;0.207921
c.floats.float-split-1;student10;student37;49;0.226277
c.floats.float-split-1;student12;student35;49;0.188406
c.floats.float-split-1;student25;student23;49;0.212121
c.floats.float-split-1;student37;student31;49;0.283019
c.floats.float-split-1;student11;student6;50;0.27762
c.floats.float-split-1;student11;student7;50;0.244648
c.floats.float-split-1;student8;student15;50;0.225
c.floats.float-split-1;student35;student15;50;0.164557
c.floats.float-split-1;student14;student34;50;0.205882
c.floats.float-split-1;student40;student15;50;0.15146
c.floats.float-split-1;student40;student7;50;0.162679
c.floats.float-split-1;student40;student13;50;0.172414
c.floats.float-split-1;student38;student2;50;0.273016
c.floats.float-split-1;student38;student6;50;0.282967
c.floats.float-split-1;student38;student40;50;0.247727
c.floats.float-split-1;student38;student22;50;0.423181
c.floats.float-split-1;student25;student8;50;0.181609
c.floats.float-split-1;student39;student7;50;0.282686
c.floats.float-split-1;student40;student29;50;0.197347
c.floats.float-split-1;student22;student2;50;0.286792
c.floats.float-split-1;student32;student11;50;0.27439
c.floats.float-split-1;student30;student34;50;0.313492
c.floats.float-split-1;student42;student8;50;0.266458
c.floats.float-split-1;student42;student24;50;0.206704
c.floats.float-split-1;student18;student29;50;0.358974
c.floats.float-split-1;student28;student19;50;0.261494
c.floats.float-split-1;student28;student18;50;0.317549
c.floats.float-split-1;student33;student35;50;0.160976
c.floats.float-split-1;student33;student29;50;0.230769
c.floats.float-split-1;student26;student35;50;0.183623
c.floats.float-split-1;student4;student37;50;0.159091
c.floats.float-split-1;student4;student35;50;0.251101
c.floats.float-split-1;student6;student8;50;0.235294
c.floats.float-split-1;student24;student7;51;0.312684
c.floats.float-split-1;student30;student33;51;0.186944
c.floats.float-split-1;student27;student39;51;0.209239
c.floats.float-split-1;student27;student37;51;0.165179
c.floats.float-split-1;student38;student10;51;0.327922
c.floats.float-split-1;student20;student15;51;0.27566
c.floats.float-split-1;student44;student17;51;0.446377
c.floats.float-split-1;student12;student17;51;0.244382
c.floats.float-split-1;student39;student2;51;0.227612
c.floats.float-split-1;student39;student1;51;0.22179
c.floats.float-split-1;student39;student6;51;0.229927
c.floats.float-split-1;student13;student17;51;0.259843
c.floats.float-split-1;student7;student9;51;0.220056
c.floats.float-split-1;student22;student26;51;0.230548
c.floats.float-split-1;student41;student15;51;0.288194
c.floats.float-split-1;student41;student12;51;0.324324
c.floats.float-split-1;student28;student43;51;0.230189
c.floats.float-split-1;student18;student35;51;0.192982
c.floats.float-split-1;student32;student41;51;0.206208
c.floats.float-split-1;student20;student14;51;0.255319
c.floats.float-split-1;student38;student31;51;0.297125
c.floats.float-split-1;student43;student14;51;0.188065
c.floats.float-split-1;student39;student31;51;0.219839
c.floats.float-split-1;student37;student35;51;0.186
c.floats.float-split-1;student3;student14;51;0.234043
c.floats.float-split-1;student24;student6;52;0.342183
c.floats.float-split-1;student30;student17;52;0.238636
c.floats.float-split-1;student38;student37;52;0.184343
c.floats.float-split-1;student43;student22;52;0.257576
c.floats.float-split-1;student10;student22;52;0.304734
c.floats.float-split-1;student24;student37;52;0.206751
c.floats.float-split-1;student15;student9;52;0.164087
c.floats.float-split-1;student25;student9;52;0.185682
c.floats.float-split-1;student25;student36;52;0.37788
c.floats.float-split-1;student11;student29;52;0.192513
c.floats.float-split-1;student41;student6;52;0.302583
c.floats.float-split-1;student41;student22;52;0.237885
c.floats.float-split-1;student41;student38;52;0.329741
c.floats.float-split-1;student32;student43;52;0.193473
c.floats.float-split-1;student42;student45;52;0.233788
c.floats.float-split-1;student42;student11;52;0.170279
c.floats.float-split-1;student42;student46;52;0.224458
c.floats.float-split-1;student4;student14;52;0.206434
c.floats.float-split-1;student4;student17;52;0.227666
c.floats.float-split-1;student6;student9;52;0.220386
c.floats.float-split-1;student31;student35;52;0.22619
c.floats.float-split-1;student14;student8;52;0.188312
c.floats.float-split-1;student37;student17;52;0.222552
c.floats.float-split-1;student19;student14;52;0.240688
c.floats.float-split-1;student11;student15;53;0.232092
c.floats.float-split-1;student43;student15;53;0.289474
c.floats.float-split-1;student43;student6;53;0.303846
c.floats.float-split-1;student18;student37;53;0.155015
c.floats.float-split-1;student30;student16;53;0.237354
c.floats.float-split-1;student27;student17;53;0.289256
c.floats.float-split-1;student38;student5;53;0.308917
c.floats.float-split-1;student20;student22;53;0.276536
c.floats.float-split-1;student38;student33;53;0.34072
c.floats.float-split-1;student43;student17;53;0.216152
c.floats.float-split-1;student12;student39;53;0.148607
c.floats.float-split-1;student24;student25;53;0.27044
c.floats.float-split-1;student24;student15;53;0.243161
c.floats.float-split-1;student39;student15;53;0.245
c.floats.float-split-1;student22;student5;53;0.199234
c.floats.float-split-1;student41;student7;53;0.327206
c.floats.float-split-1;student41;student25;53;0.291322
c.floats.float-split-1;student32;student16;53;0.330667
c.floats.float-split-1;student21;student35;53;0.17284
c.floats.float-split-1;student38;student14;53;0.36631
c.floats.float-split-1;student22;student35;53;0.204938
c.floats.float-split-1;student6;student35;53;0.215278
c.floats.float-split-1;student1;student17;53;0.264045
c.floats.float-split-1;student1;student35;53;0.185542
c.floats.float-split-1;student2;student17;53;0.229885
c.floats.float-split-1;student36;student29;53;0.385
c.floats.float-split-1;student7;student35;53;0.148248
c.floats.float-split-1;student29;student9;53;0.187817
c.floats.float-split-1;student17;student34;53;0.264615
c.floats.float-split-1;student3;student17;53;0.174286
c.floats.float-split-1;student39;student34;54;0.275
c.floats.float-split-1;student18;student15;54;0.266234
c.floats.float-split-1;student30;student39;54;0.219424
c.floats.float-split-1;student39;student5;54;0.230469
c.floats.float-split-1;student39;student13;54;0.210402
c.floats.float-split-1;student39;student37;54;0.179167
c.floats.float-split-1;student33;student17;54;0.232082
c.floats.float-split-1;student28;student9;54;0.19656
c.floats.float-split-1;student18;student14;54;0.28
c.floats.float-split-1;student30;student35;54;0.204225
c.floats.float-split-1;student44;student16;54;0.395466
c.floats.float-split-1;student38;student15;54;0.255754
c.floats.float-split-1;student43;student25;54;0.208333
c.floats.float-split-1;student43;student29;54;0.226054
c.floats.float-split-1;student10;student39;54;0.197333
c.floats.float-split-1;student21;student39;54;0.19685
c.floats.float-split-1;student41;student13;54;0.275862
c.floats.float-split-1;student32;student9;54;0.184751
c.floats.float-split-1;student32;student17;54;0.350575
c.floats.float-split-1;student32;student35;54;0.135734
c.floats.float-split-1;student41;student31;54;0.201031
c.floats.float-split-1;student2;student35;54;0.190361
c.floats.float-split-1;student30;student38;55;0.216049
c.floats.float-split-1;student29;student8;55;0.204134
c.floats.float-split-1;student35;student29;55;0.221902
c.floats.float-split-1;student14;student9;55;0.192412
c.floats.float-split-1;student23;student15;55;0.233108
c.floats.float-split-1;student22;student19;55;0.245455
c.floats.float-split-1;student28;student35;55;0.216285
c.floats.float-split-1;student44;student36;55;0.319475
c.floats.float-split-1;student43;student7;55;0.330935
c.floats.float-split-1;student43;student16;55;0.179348
c.floats.float-split-1;student10;student17;55;0.346939
c.floats.float-split-1;student21;student15;55;0.327103
c.floats.float-split-1;student21;student37;55;0.152505
c.floats.float-split-1;student41;student29;55;0.275711
c.floats.float-split-1;student41;student17;55;0.256997
c.floats.float-split-1;student41;student40;55;0.294785
c.floats.float-split-1;student41;student16;55;0.26
c.floats.float-split-1;student41;student43;55;0.356674
c.floats.float-split-1;student21;student14;55;0.292428
c.floats.float-split-1;student24;student14;55;0.208672
c.floats.float-split-1;student16;student13;55;0.297674
c.floats.float-split-1;student39;student25;55;0.267773
c.floats.float-split-1;student40;student35;55;0.136106
c.floats.float-split-1;student26;student17;55;0.260234
c.floats.float-split-1;student11;student14;55;0.212766
c.floats.float-split-1;student17;student5;56;0.26513
c.floats.float-split-1;student36;student34;56;0.270186
c.floats.float-split-1;student16;student34;56;0.189258
c.floats.float-split-1;student20;student40;56;0.200342
c.floats.float-split-1;student44;student25;56;0.206838
c.floats.float-split-1;student22;student8;56;0.189711
c.floats.float-split-1;student12;student16;56;0.225722
c.floats.float-split-1;student21;student22;56;0.312865
c.floats.float-split-1;student41;student47;56;0.22
c.floats.float-split-1;student32;student8;56;0.206186
c.floats.float-split-1;student28;student11;56;0.179688
c.floats.float-split-1;student28;student33;56;0.261456
c.floats.float-split-1;student38;student35;56;0.24505
c.floats.float-split-1;student43;student31;56;0.190244
c.floats.float-split-1;student39;student14;56;0.209845
c.floats.float-split-1;student40;student31;56;0.154562
c.floats.float-split-1;student17;student35;56;0.237245
c.floats.float-split-1;student23;student14;56;0.145946
c.floats.float-split-1;student3;student16;56;0.215385
c.floats.float-split-1;student44;student40;57;0.317114
c.floats.float-split-1;student43;student34;57;0.141509
c.floats.float-split-1;student43;student40;57;0.269027
c.floats.float-split-1;student24;student29;57;0.172589
c.floats.float-split-1;student8;student45;57;0.171429
c.floats.float-split-1;student35;student5;57;0.197561
c.floats.float-split-1;student40;student45;57;0.207729
c.floats.float-split-1;student28;student8;57;0.201995
c.floats.float-split-1;student28;student42;57;0.193294
c.floats.float-split-1;student18;student22;57;0.259887
c.floats.float-split-1;student27;student16;57;0.231144
c.floats.float-split-1;student27;student40;57;0.21489
c.floats.float-split-1;student10;student16;57;0.320755
c.floats.float-split-1;student37;student36;57;0.208861
c.floats.float-split-1;student16;student4;57;0.186701
c.floats.float-split-1;student22;student39;57;0.22807
c.floats.float-split-1;student32;student24;57;0.197015
c.floats.float-split-1;student10;student35;57;0.176322
c.floats.float-split-1;student46;student45;58;0.237113
c.floats.float-split-1;student43;student13;58;0.254335
c.floats.float-split-1;student43;student12;58;0.315175
c.floats.float-split-1;student20;student17;58;0.236769
c.floats.float-split-1;student38;student17;58;0.407166
c.floats.float-split-1;student40;student37;58;0.19115
c.floats.float-split-1;student23;student29;58;0.214789
c.floats.float-split-1;student16;student5;58;0.171831
c.floats.float-split-1;student16;student33;58;0.381313
c.floats.float-split-1;student28;student24;58;0.162437
c.floats.float-split-1;student42;student35;58;0.154018
c.floats.float-split-1;student30;student41;58;0.279412
c.floats.float-split-1;student30;student40;58;0.095624
c.floats.float-split-1;student23;student35;58;0.296296
c.floats.float-split-1;student9;student45;59;0.0977918
c.floats.float-split-1;student35;student45;59;0.11646
c.floats.float-split-1;student17;student45;59;0.18541
c.floats.float-split-1;student40;student34;59;0.142157
c.floats.float-split-1;student38;student16;59;0.325815
c.floats.float-split-1;student38;student8;59;0.213904
c.floats.float-split-1;student17;student8;59;0.227273
c.floats.float-split-1;student16;student1;59;0.176301
c.floats.float-split-1;student16;student26;59;0.217848
c.floats.float-split-1;student43;student47;59;0.218349
c.floats.float-split-1;student39;student29;59;0.275362
c.floats.float-split-1;student22;student9;59;0.166667
c.floats.float-split-1;student22;student11;59;0.233146
c.floats.float-split-1;student22;student24;59;0.245665
c.floats.float-split-1;student41;student37;59;0.207207
c.floats.float-split-1;student42;student29;59;0.18254
c.floats.float-split-1;student42;student17;59;0.15415
c.floats.float-split-1;student42;student37;59;0.193966
c.floats.float-split-1;student41;student21;59;0.230263
c.floats.float-split-1;student16;student35;59;0.152225
c.floats.float-split-1;student36;student31;59;0.257235
c.floats.float-split-1;student44;student15;60;0.309392
c.floats.float-split-1;student10;student40;60;0.224138
c.floats.float-split-1;student38;student11;60;0.246154
c.floats.float-split-1;student20;student16;60;0.236641
c.floats.float-split-1;student43;student37;60;0.25
c.floats.float-split-1;student24;student17;60;0.227139
c.floats.float-split-1;student37;student45;60;0.130501
c.floats.float-split-1;student40;student1;60;0.153846
c.floats.float-split-1;student40;student26;60;0.1875
c.floats.float-split-1;student33;student40;60;0.257576
c.floats.float-split-1;student23;student37;60;0.117904
c.floats.float-split-1;student16;student2;60;0.180282
c.floats.float-split-1;student39;student17;60;0.22963
c.floats.float-split-1;student21;student17;60;0.269113
c.floats.float-split-1;student42;student15;60;0.163065
c.floats.float-split-1;student42;student39;60;0.207595
c.floats.float-split-1;student28;student45;60;0.23913
c.floats.float-split-1;student28;student23;60;0.2
c.floats.float-split-1;student38;student23;60;0.243986
c.floats.float-split-1;student22;student23;60;0.139535
c.floats.float-split-1;student44;student22;61;0.273902
c.floats.float-split-1;student44;student13;61;0.219941
c.floats.float-split-1;student24;student45;61;0.153061
c.floats.float-split-1;student11;student45;61;0.15404
c.floats.float-split-1;student40;student2;61;0.166234
c.floats.float-split-1;student17;student9;61;0.166667
c.floats.float-split-1;student36;student13;61;0.191436
c.floats.float-split-1;student39;student45;61;0.134921
c.floats.float-split-1;student38;student9;61;0.211538
c.floats.float-split-1;student43;student36;61;0.198905
c.floats.float-split-1;student19;student17;61;0.196262
c.floats.float-split-1;student21;student40;61;0.237209
c.floats.float-split-1;student41;student26;61;0.251121
c.floats.float-split-1;student42;student40;61;0.26072
c.floats.float-split-1;student28;student39;61;0.249389
c.floats.float-split-1;student28;student44;61;0.233564
c.floats.float-split-1;student42;student16;61;0.22619
c.floats.float-split-1;student36;student45;62;0.278061
c.floats.float-split-1;student38;student24;62;0.165775
c.floats.float-split-1;student20;student43;62;0.184049
c.floats.float-split-1;student44;student37;62;0.225
c.floats.float-split-1;student38;student39;62;0.259901
c.floats.float-split-1;student40;student19;62;0.220253
c.floats.float-split-1;student16;student9;62;0.175342
c.floats.float-split-1;student16;student19;62;0.218232
c.floats.float-split-1;student16;student11;62;0.218274
c.floats.float-split-1;student22;student45;62;0.160194
c.floats.float-split-1;student12;student36;62;0.190184
c.floats.float-split-1;student40;student48;62;0.147887
c.floats.float-split-1;student11;student17;62;0.209945
c.floats.float-split-1;student4;student36;62;0.217799
c.floats.float-split-1;student41;student4;62;0.235294
c.floats.float-split-1;student41;student20;62;0.191176
c.floats.float-split-1;student32;student39;62;0.192982
c.floats.float-split-1;student42;student12;62;0.195402
c.floats.float-split-1;student42;student30;62;0.161512
c.floats.float-split-1;student42;student32;62;0.281879
c.floats.float-split-1;student42;student14;62;0.220703
c.floats.float-split-1;student44;student14;62;0.277641
c.floats.float-split-1;student36;student35;62;0.17552
c.floats.float-split-1;student3;student36;62;0.182957
c.floats.float-split-1;student3;student40;62;0.159236
c.floats.float-split-1;student44;student6;63;0.25641
c.floats.float-split-1;student15;student45;63;0.238562
c.floats.float-split-1;student34;student45;63;0.238671
c.floats.float-split-1;student14;student45;63;0.141946
c.floats.float-split-1;student40;student8;63;0.181818
c.floats.float-split-1;student42;student7;63;0.26616
c.floats.float-split-1;student42;student6;63;0.35
c.floats.float-split-1;student42;student25;63;0.231884
c.floats.float-split-1;student42;student10;63;0.177866
c.floats.float-split-1;student41;student3;63;0.238202
c.floats.float-split-1;student27;student36;64;0.316027
c.floats.float-split-1;student44;student29;64;0.349882
c.floats.float-split-1;student48;student45;64;0.151432
c.floats.float-split-1;student40;student5;64;0.152231
c.floats.float-split-1;student40;student4;64;0.163934
c.floats.float-split-1;student40;student11;64;0.208251
c.floats.float-split-1;student43;student4;64;0.185185
c.floats.float-split-1;student21;student43;64;0.200472
c.floats.float-split-1;student41;student2;64;0.29845
c.floats.float-split-1;student41;student1;64;0.293436
c.floats.float-split-1;student41;student10;64;0.253886
c.floats.float-split-1;student42;student34;64;0.405858
c.floats.float-split-1;student18;student17;64;0.224189
c.floats.float-split-1;student42;student13;64;0.117978
c.floats.float-split-1;student42;student2;64;0.211382
c.floats.float-split-1;student42;student1;64;0.205645
c.floats.float-split-1;student42;student26;64;0.274247
c.floats.float-split-1;student42;student38;64;0.216891
c.floats.float-split-1;student42;student27;64;0.375367
c.floats.float-split-1;student29;student45;65;0.286501
c.floats.float-split-1;student13;student45;65;0.198777
c.floats.float-split-1;student12;student45;65;0.233716
c.floats.float-split-1;student18;student16;65;0.240106
c.floats.float-split-1;student44;student12;65;0.217742
c.floats.float-split-1;student44;student7;65;0.272727
c.floats.float-split-1;student44;student48;65;0.223827
c.floats.float-split-1;student38;student47;65;0.195195
c.floats.float-split-1;student38;student36;65;0.326146
c.floats.float-split-1;student24;student16;65;0.19171
c.floats.float-split-1;student39;student16;65;0.191646
c.floats.float-split-1;student33;student36;65;0.219355
c.floats.float-split-1;student21;student16;65;0.267857
c.floats.float-split-1;student41;student36;65;0.226013
c.floats.float-split-1;student32;student36;65;0.23341
c.floats.float-split-1;student49;student37;65;0.274162
c.floats.float-split-1;student42;student5;65;0.106
c.floats.float-split-1;student42;student19;65;0.520737
c.floats.float-split-1;student42;student22;65;0.145669
c.floats.float-split-1;student42;student31;65;0.169355
c.floats.float-split-1;student49;student41;65;0.267442
c.floats.float-split-1;student27;student41;65;0.216216
c.floats.float-split-1;student24;student40;66;0.153846
c.floats.float-split-1;student6;student45;66;0.156695
c.floats.float-split-1;student7;student45;66;0.17094
c.floats.float-split-1;student26;student45;66;0.313218
c.floats.float-split-1;student25;student45;66;0.302817
c.floats.float-split-1;student33;student45;66;0.243243
c.floats.float-split-1;student38;student45;66;0.296296
c.floats.float-split-1;student23;student17;66;0.233533
c.floats.float-split-1;student16;student45;66;0.138486
c.floats.float-split-1;student16;student8;66;0.137681
c.floats.float-split-1;student41;student34;66;0.217778
c.floats.float-split-1;student18;student40;66;0.194301
c.floats.float-split-1;student30;student36;66;0.198777
c.floats.float-split-1;student41;student19;66;0.170103
c.floats.float-split-1;student42;student36;66;0.185874
c.floats.float-split-1;student42;student41;66;0.234818
c.floats.float-split-1;student42;student21;66;0.408027
c.floats.float-split-1;student43;student3;66;0.118721
c.floats.float-split-1;student47;student14;66;0.253927
c.floats.float-split-1;student31;student45;67;0.221453
c.floats.float-split-1;student18;student41;67;0.259508
c.floats.float-split-1;student30;student43;67;0.25
c.floats.float-split-1;student27;student43;67;0.166667
c.floats.float-split-1;student27;student45;67;0.273775
c.floats.float-split-1;student20;student36;67;0.247216
c.floats.float-split-1;student40;student9;67;0.180077
c.floats.float-split-1;student39;student40;67;0.245557
c.floats.float-split-1;student26;student36;67;0.252809
c.floats.float-split-1;student41;student5;67;0.272374
c.floats.float-split-1;student42;student33;67;0.279365
c.floats.float-split-1;student46;student8;68;0.311239
c.floats.float-split-1;student46;student9;68;0.3257
c.floats.float-split-1;student19;student45;68;0.236948
c.floats.float-split-1;student22;student47;68;0.247839
c.floats.float-split-1;student17;student48;68;0.12963
c.floats.float-split-1;student3;student45;68;0.156805
c.floats.float-split-1;student21;student36;68;0.228889
c.floats.float-split-1;student32;student44;68;0.269972
c.floats.float-split-1;student28;student47;68;0.1843
c.floats.float-split-1;student2;student45;69;0.177049
c.floats.float-split-1;student1;student45;69;0.190164
c.floats.float-split-1;student4;student45;69;0.209632
c.floats.float-split-1;student43;student45;69;0.192424
c.floats.float-split-1;student18;student42;69;0.311688
c.floats.float-split-1;student43;student1;69;0.334677
c.floats.float-split-1;student43;student26;69;0.182994
c.floats.float-split-1;student20;student45;69;0.0924499
c.floats.float-split-1;student1;student36;69;0.233645
c.floats.float-split-1;student41;student45;69;0.22381
c.floats.float-split-1;student32;student45;69;0.145902
c.floats.float-split-1;student42;student4;69;0.256809
c.floats.float-split-1;student42;student20;69;0.282609
c.floats.float-split-1;student42;student3;69;0.278481
c.floats.float-split-1;student16;student23;69;0.127877
c.floats.float-split-1;student44;student33;70;0.188095
c.floats.float-split-1;student46;student24;70;0.277311
c.floats.float-split-1;student36;student2;70;0.239748
c.floats.float-split-1;student47;student15;70;0.267101
c.floats.float-split-1;student43;student2;70;0.356863
c.floats.float-split-1;student43;student50;70;0.223529
c.floats.float-split-1;student50;student17;70;0.231707
c.floats.float-split-1;student47;student17;70;0.208872
c.floats.float-split-1;student47;student29;70;0.168675
c.floats.float-split-1;student14;student48;70;0.140927
c.floats.float-split-1;student41;student8;70;0.191304
c.floats.float-split-1;student41;student33;70;0.227074
c.floats.float-split-1;student49;student36;70;0.314229
c.floats.float-split-1;student49;student47;70;0.218453
c.floats.float-split-1;student49;student44;70;0.263823
c.floats.float-split-1;student18;student43;70;0.2
c.floats.float-split-1;student41;student35;70;0.166667
c.floats.float-split-1;student43;student35;70;0.146758
c.floats.float-split-1;student30;student45;71;0.164038
c.floats.float-split-1;student44;student38;71;0.300699
c.floats.float-split-1;student44;student43;71;0.213922
c.floats.float-split-1;student44;student34;71;0.18883
c.floats.float-split-1;student46;student40;71;0.148196
c.floats.float-split-1;student36;student8;71;0.222727
c.floats.float-split-1;student43;student33;71;0.146252
c.floats.float-split-1;student43;student10;71;0.324324
c.floats.float-split-1;student43;student19;71;0.248082
c.floats.float-split-1;student19;student36;71;0.176282
c.floats.float-split-1;student36;student48;71;0.12956
c.floats.float-split-1;student35;student48;71;0.111283
c.floats.float-split-1;student21;student45;71;0.362745
c.floats.float-split-1;student41;student44;71;0.233108
c.floats.float-split-1;student49;student16;71;0.3
c.floats.float-split-1;student49;student43;71;0.250409
c.floats.float-split-1;student5;student45;72;0.187898
c.floats.float-split-1;student47;student40;72;0.183042
c.floats.float-split-1;student43;student48;72;0.287054
c.floats.float-split-1;student10;student36;72;0.242718
c.floats.float-split-1;student47;student16;72;0.161062
c.floats.float-split-1;student47;student37;72;0.157518
c.floats.float-split-1;student41;student9;72;0.187364
c.floats.float-split-1;student32;student47;72;0.251592
c.floats.float-split-1;student42;student43;72;0.189895
c.floats.float-split-1;student42;student44;72;0.271127
c.floats.float-split-1;student44;student31;72;0.233244
c.floats.float-split-1;student44;student35;72;0.173285
c.floats.float-split-1;student47;student31;72;0.160748
c.floats.float-split-1;student24;student36;72;0.17382
c.floats.float-split-1;student39;student36;72;0.218341
c.floats.float-split-1;student16;student48;72;0.156863
c.floats.float-split-1;student44;student26;73;0.140036
c.floats.float-split-1;student44;student45;73;0.21673
c.floats.float-split-1;student47;student6;73;0.300725
c.floats.float-split-1;student43;student5;73;0.315175
c.floats.float-split-1;student22;student48;73;0.111386
c.floats.float-split-1;student11;student36;73;0.216471
c.floats.float-split-1;student48;student15;73;0.108586
c.floats.float-split-1;student36;student5;73;0.24359
c.floats.float-split-1;student41;student24;73;0.258065
c.floats.float-split-1;student28;student49;73;0.300752
c.floats.float-split-1;student42;student48;73;0.159456
c.floats.float-split-1;student46;student29;74;0.149289
c.floats.float-split-1;student43;student8;74;0.156673
c.floats.float-split-1;student49;student29;74;0.283951
c.floats.float-split-1;student49;student13;74;0.263529
c.floats.float-split-1;student28;student50;74;0.282328
c.floats.float-split-1;student28;student46;74;0.188372
c.floats.float-split-1;student18;student36;74;0.214118
c.floats.float-split-1;student49;student38;74;0.206785
c.floats.float-split-1;student42;student49;74;0.24252
c.floats.float-split-1;student49;student14;74;0.307895
c.floats.float-split-1;student40;student23;74;0.138965
c.floats.float-split-1;student36;student9;74;0.193764
c.floats.float-split-1;student18;student45;75;0.217993
c.floats.float-split-1;student12;student47;75;0.305221
c.floats.float-split-1;student47;student13;75;0.24024
c.floats.float-split-1;student49;student40;75;0.325758
c.floats.float-split-1;student42;student47;75;0.181948
c.floats.float-split-1;student42;student23;75;0.309278
c.floats.float-split-1;student41;student48;75;0.126984
c.floats.float-split-1;student41;student11;75;0.148402
c.floats.float-split-1;student41;student39;75;0.186335
c.floats.float-split-1;student41;student50;75;0.291913
c.floats.float-split-1;student44;student3;75;0.216625
c.floats.float-split-1;student46;student13;75;0.276353
c.floats.float-split-1;student46;student35;75;0.100257
c.floats.float-split-1;student44;student4;76;0.28607
c.floats.float-split-1;student44;student1;76;0.253788
c.floats.float-split-1;student46;student11;76;0.236364
c.floats.float-split-1;student47;student7;76;0.311828
c.floats.float-split-1;student10;student45;76;0.201954
c.floats.float-split-1;student50;student40;76;0.247154
c.floats.float-split-1;student47;student25;76;0.184058
c.floats.float-split-1;student47;student36;76;0.174352
c.floats.float-split-1;student49;student15;76;0.367347
c.floats.float-split-1;student49;student17;76;0.264624
c.floats.float-split-1;student49;student6;76;0.280702
c.floats.float-split-1;student49;student22;76;0.294118
c.floats.float-split-1;student37;student48;76;0.112455
c.floats.float-split-1;student27;student44;77;0.171769
c.floats.float-split-1;student47;student45;77;0.170243
c.floats.float-split-1;student50;student15;77;0.23431
c.floats.float-split-1;student30;student44;77;0.17027
c.floats.float-split-1;student44;student47;77;0.203528
c.floats.float-split-1;student44;student39;77;0.22735
c.floats.float-split-1;student44;student2;77;0.260536
c.floats.float-split-1;student44;student8;77;0.161157
c.floats.float-split-1;student46;student43;77;0.141732
c.floats.float-split-1;student46;student37;77;0.181481
c.floats.float-split-1;student43;student9;77;0.133452
c.floats.float-split-1;student43;student24;77;0.171527
c.floats.float-split-1;student50;student29;77;0.22103
c.floats.float-split-1;student51;student47;77;0.348128
c.floats.float-split-1;student49;student45;77;0.16309
c.floats.float-split-1;student49;student25;77;0.211878
c.floats.float-split-1;student49;student51;77;0.26
c.floats.float-split-1;student49;student30;77;0.356557
c.floats.float-split-1;student43;student11;78;0.143885
c.floats.float-split-1;student30;student47;78;0.232727
c.floats.float-split-1;student38;student50;78;0.261628
c.floats.float-split-1;student43;student39;78;0.213542
c.floats.float-split-1;student50;student25;78;0.365854
c.floats.float-split-1;student39;student48;78;0.118788
c.floats.float-split-1;student41;student46;78;0.177419
c.floats.float-split-1;student49;student7;78;0.33829
c.floats.float-split-1;student44;student21;78;0.181384
c.floats.float-split-1;student44;student9;78;0.149284
c.floats.float-split-1;student46;student50;78;0.159938
c.floats.float-split-1;student44;student24;79;0.153558
c.floats.float-split-1;student46;student34;79;0.355311
c.floats.float-split-1;student20;student44;79;0.159389
c.floats.float-split-1;student46;student38;79;0.116402
c.floats.float-split-1;student46;student39;79;0.120261
c.floats.float-split-1;student46;student25;79;0.229911
c.floats.float-split-1;student50;student36;79;0.249524
c.floats.float-split-1;student49;student46;79;0.170732
c.floats.float-split-1;student49;student32;79;0.304478
c.floats.float-split-1;student46;student14;79;0.0965147
c.floats.float-split-1;student24;student48;79;0.105691
c.floats.float-split-1;student25;student48;79;0.129854
c.floats.float-split-1;student44;student46;80;0.194595
c.floats.float-split-1;student44;student5;80;0.225191
c.floats.float-split-1;student47;student1;80;0.30566
c.floats.float-split-1;student50;student13;80;0.191033
c.floats.float-split-1;student28;student48;80;0.135531
c.floats.float-split-1;student46;student22;80;0.115281
c.floats.float-split-1;student46;student12;80;0.346715
c.floats.float-split-1;student46;student47;80;0.146067
c.floats.float-split-1;student46;student6;80;0.0781457
c.floats.float-split-1;student46;student17;80;0.11126
c.floats.float-split-1;student50;student16;80;0.249471
c.floats.float-split-1;student49;student48;80;0.135287
c.floats.float-split-1;student46;student48;80;0.151899
c.floats.float-split-1;student13;student48;80;0.124771
c.floats.float-split-1;student41;student23;80;0.175711
c.floats.float-split-1;student44;student10;81;0.271003
c.floats.float-split-1;student44;student11;81;0.143777
c.floats.float-split-1;student46;student1;81;0.257353
c.floats.float-split-1;student46;student36;81;0.120321
c.floats.float-split-1;student46;student15;81;0.110512
c.floats.float-split-1;student47;student2;81;0.286275
c.floats.float-split-1;student50;student47;81;0.155862
c.floats.float-split-1;student50;student37;81;0.205394
c.floats.float-split-1;student49;student12;81;0.288571
c.floats.float-split-1;student49;student31;81;0.238095
c.floats.float-split-1;student38;student48;81;0.132832
c.floats.float-split-1;student50;student22;81;0.19084
c.floats.float-split-1;student6;student48;81;0.216606
c.floats.float-split-1;student8;student48;81;0.101777
c.floats.float-split-1;student23;student45;81;0.19573
c.floats.float-split-1;student23;student36;81;0.168385
c.floats.float-split-1;student27;student46;82;0.353247
c.floats.float-split-1;student30;student46;82;0.205575
c.floats.float-split-1;student44;student19;82;0.205056
c.floats.float-split-1;student46;student2;82;0.27881
c.floats.float-split-1;student48;student9;82;0.131115
c.floats.float-split-1;student47;student34;82;0.13211
c.floats.float-split-1;student50;student45;82;0.207101
c.floats.float-split-1;student50;student7;82;0.264407
c.floats.float-split-1;student50;student6;82;0.263158
c.floats.float-split-1;student50;student12;82;0.285714
c.floats.float-split-1;student41;student51;82;0.252546
c.floats.float-split-1;student49;student34;82;0.230352
c.floats.float-split-1;student49;student35;82;0.170953
c.floats.float-split-1;student50;student14;82;0.207619
c.floats.float-split-1;student46;student16;83;0.113941
c.floats.float-split-1;student46;student7;83;0.301818
c.floats.float-split-1;student47;student26;83;0.14241
c.floats.float-split-1;student32;student50;83;0.234513
c.floats.float-split-1;student32;student46;83;0.260377
c.floats.float-split-1;student49;student5;83;0.329268
c.floats.float-split-1;student42;student50;83;0.284192
c.floats.float-split-1;student50;student35;83;0.225941
c.floats.float-split-1;student47;student35;83;0.10241
c.floats.float-split-1;student47;student48;83;0.191686
c.floats.float-split-1;student7;student48;83;0.217544
c.floats.float-split-1;student29;student48;83;0.122399
c.floats.float-split-1;student18;student44;84;0.124074
c.floats.float-split-1;student27;student47;84;0.164286
c.floats.float-split-1;student46;student21;84;0.379421
c.floats.float-split-1;student47;student8;84;0.134307
c.floats.float-split-1;student47;student5;84;0.245136
c.floats.float-split-1;student47;student4;84;0.0966325
c.floats.float-split-1;student50;student34;84;0.336
c.floats.float-split-1;student43;student23;84;0.120823
c.floats.float-split-1;student46;student5;85;0.219331
c.floats.float-split-1;student20;student47;85;0.165939
c.floats.float-split-1;student49;student9;85;0.211934
c.floats.float-split-1;student49;student1;85;0.341246
c.floats.float-split-1;student46;student31;85;0.250951
c.floats.float-split-1;student43;student52;85;0.22869
c.floats.float-split-1;student50;student31;85;0.213483
c.floats.float-split-1;student12;student48;85;0.224066
c.floats.float-split-1;student46;student33;86;0.248387
c.floats.float-split-1;student46;student19;86;0.409266
c.floats.float-split-1;student47;student39;86;0.123944
c.floats.float-split-1;student26;student48;86;0.150121
c.floats.float-split-1;student31;student48;86;0.104061
c.floats.float-split-1;student3;student47;86;0.0998081
c.floats.float-split-1;student21;student47;86;0.128508
c.floats.float-split-1;student49;student8;86;0.168399
c.floats.float-split-1;student49;student2;86;0.327381
c.floats.float-split-1;student49;student33;86;0.206983
c.floats.float-split-1;student49;student39;86;0.236749
c.floats.float-split-1;student49;student24;86;0.19883
c.floats.float-split-1;student49;student50;86;0.320624
c.floats.float-split-1;student49;student10;86;0.269076
c.floats.float-split-1;student30;student50;87;0.106343
c.floats.float-split-1;student44;student50;87;0.251678
c.floats.float-split-1;student10;student47;87;0.272031
c.floats.float-split-1;student47;student9;87;0.128427
c.floats.float-split-1;student47;student33;87;0.103759
c.floats.float-split-1;student47;student24;87;0.110951
c.floats.float-split-1;student49;student19;87;0.167139
c.floats.float-split-1;student49;student26;87;0.157068
c.floats.float-split-1;student49;student3;87;0.195251
c.floats.float-split-1;student33;student48;87;0.15415
c.floats.float-split-1;student32;student48;87;0.111675
c.floats.float-split-1;student46;student3;87;0.288321
c.floats.float-split-1;student46;student26;88;0.265823
c.floats.float-split-1;student20;student46;88;0.181319
c.floats.float-split-1;student49;student4;88;0.152305
c.floats.float-split-1;student49;student11;88;0.180198
c.floats.float-split-1;student49;student27;88;0.255932
c.floats.float-split-1;student46;student10;89;0.0964187
c.floats.float-split-1;student46;student4;89;0.285714
c.floats.float-split-1;student50;student2;89;0.274074
c.floats.float-split-1;student50;student1;89;0.289157
c.floats.float-split-1;student50;student48;89;0.142521
c.floats.float-split-1;student11;student48;89;0.08933
c.floats.float-split-1;student48;student34;89;0.104369
c.floats.float-split-1;student21;student50;89;0.199115
c.floats.float-split-1;student49;student20;89;0.248201
c.floats.float-split-1;student49;student21;89;0.133221
c.floats.float-split-1;student18;student47;90;0.10089
c.floats.float-split-1;student27;student50;90;0.27027
c.floats.float-split-1;student20;student50;90;0.267686
c.floats.float-split-1;student38;student52;90;0.359918
c.floats.float-split-1;student47;student19;90;0.0895062
c.floats.float-split-1;student18;student49;91;0.118506
c.floats.float-split-1;student50;student4;91;0.188073
c.floats.float-split-1;student50;student26;91;0.218487
c.floats.float-split-1;student50;student24;91;0.246154
c.floats.float-split-1;student43;student51;91;0.202443
c.floats.float-split-1;student50;student3;91;0.372197
c.floats.float-split-1;student18;student46;92;0.221453
c.floats.float-split-1;student10;student50;92;0.175258
c.floats.float-split-1;student47;student52;92;0.151297
c.floats.float-split-1;student50;student8;92;0.245098
c.floats.float-split-1;student50;student5;92;0.230769
c.floats.float-split-1;student50;student33;92;0.227766
c.floats.float-split-1;student51;student17;92;0.189239
c.floats.float-split-1;student30;student48;93;0.0627353
c.floats.float-split-1;student20;student48;93;0.092233
c.floats.float-split-1;student50;student9;93;0.248503
c.floats.float-split-1;student1;student48;93;0.23166
c.floats.float-split-1;student2;student48;93;0.276995
c.floats.float-split-1;student3;student48;93;0.212871
c.floats.float-split-1;student41;student52;93;0.259259
c.floats.float-split-1;student44;student23;93;0.129944
c.floats.float-split-1;student27;student48;94;0.109181
c.floats.float-split-1;student47;student11;94;0.142222
c.floats.float-split-1;student22;student52;94;0.27115
c.floats.float-split-1;student51;student52;94;0.240545
c.floats.float-split-1;student50;student51;94;0.215534
c.floats.float-split-1;student51;student16;94;0.159052
c.floats.float-split-1;student4;student48;94;0.0803461
c.floats.float-split-1;student19;student48;94;0.123393
c.floats.float-split-1;student16;student52;95;0.26477
c.floats.float-split-1;student38;student51;95;0.242748
c.floats.float-split-1;student50;student19;95;0.255814
c.floats.float-split-1;student49;student52;95;0.216641
c.floats.float-split-1;student28;student51;95;0.245023
c.floats.float-split-1;student21;student48;95;0.195349
c.floats.float-split-1;student51;student14;95;0.144538
c.floats.float-split-1;student51;student15;96;0.153707
c.floats.float-split-1;student18;student50;96;0.167728
c.floats.float-split-1;student44;student51;96;0.191201
c.floats.float-split-1;student50;student39;96;0.178771
c.floats.float-split-1;student28;student52;96;0.316562
c.floats.float-split-1;student10;student48;96;0.105398
c.floats.float-split-1;student51;student22;96;0.13273
c.floats.float-split-1;student5;student48;96;0.220657
c.floats.float-split-1;student14;student52;96;0.251082
c.floats.float-split-1;student49;student23;97;0.208861
c.floats.float-split-1;student52;student15;98;0.192308
c.floats.float-split-1;student51;student48;98;0.201238
c.floats.float-split-1;student18;student48;99;0.090566
c.floats.float-split-1;student51;student40;99;0.17765
c.floats.float-split-1;student50;student11;99;0.241042
c.floats.float-split-1;student51;student36;99;0.232796
c.floats.float-split-1;student46;student23;100;0.184549
c.floats.float-split-1;student17;student52;100;0.21393
c.floats.float-split-1;student36;student52;100;0.269068
c.floats.float-split-1;student51;student37;100;0.194215
c.floats.float-split-1;student47;student23;100;0.111765
c.floats.float-split-1;student29;student52;101;0.28903
c.floats.float-split-1;student25;student52;101;0.372984
c.floats.float-split-1;student42;student51;101;0.163636
c.floats.float-split-1;student52;student48;101;0.127295
c.floats.float-split-1;student44;student52;102;0.22087
c.floats.float-split-1;student40;student52;102;0.318367
c.floats.float-split-1;student51;student45;102;0.217523
c.floats.float-split-1;student51;student29;102;0.197452
c.floats.float-split-1;student32;student52;102;0.300469
c.floats.float-split-1;student51;student25;104;0.179217
c.floats.float-split-1;student32;student51;104;0.213675
c.floats.float-split-1;student52;student34;105;0.189655
c.floats.float-split-1;student51;student6;105;0.365449
c.floats.float-split-1;student42;student52;105;0.214801
c.floats.float-split-1;student50;student23;105;0.337278
c.floats.float-split-1;student23;student48;105;0.271084
c.floats.float-split-1;student46;student51;106;0.172111
c.floats.float-split-1;student51;student13;106;0.302198
c.floats.float-split-1;student50;student52;106;0.292157
c.floats.float-split-1;student52;student45;107;0.135566
c.floats.float-split-1;student13;student52;107;0.318087
c.floats.float-split-1;student37;student52;107;0.194154
c.floats.float-split-1;student51;student12;107;0.355805
c.floats.float-split-1;student51;student7;108;0.343234
c.floats.float-split-1;student51;student31;108;0.180657
c.floats.float-split-1;student27;student52;109;0.273642
c.floats.float-split-1;student6;student52;109;0.205184
c.floats.float-split-1;student7;student52;109;0.207589
c.floats.float-split-1;student30;student51;110;0.319853
c.floats.float-split-1;student20;student52;110;0.26501
c.floats.float-split-1;student46;student52;110;0.111409
c.floats.float-split-1;student21;student52;110;0.263158
c.floats.float-split-1;student35;student52;112;0.168651
c.floats.float-split-1;student33;student52;112;0.373303
c.floats.float-split-1;student51;student35;113;0.108108
c.floats.float-split-1;student12;student52;114;0.196474
c.floats.float-split-1;student51;student1;114;0.393258
c.floats.float-split-1;student31;student52;115;0.153846
c.floats.float-split-1;student51;student2;115;0.386364
c.floats.float-split-1;student51;student34;116;0.129145
c.floats.float-split-1;student51;student8;116;0.157895
c.floats.float-split-1;student51;student24;116;0.350453
c.floats.float-split-1;student3;student52;116;0.166292
c.floats.float-split-1;student26;student52;117;0.264706
c.floats.float-split-1;student4;student52;117;0.197802
c.floats.float-split-1;student30;student52;118;0.138554
c.floats.float-split-1;student27;student51;118;0.180088
c.floats.float-split-1;student51;student9;118;0.13813
c.floats.float-split-1;student51;student5;118;0.358491
c.floats.float-split-1;student21;student51;118;0.177394
c.floats.float-split-1;student20;student51;119;0.172363
c.floats.float-split-1;student19;student52;119;0.228117
c.floats.float-split-1;student51;student26;119;0.176752
c.floats.float-split-1;student51;student39;119;0.191067
c.floats.float-split-1;student10;student51;121;0.289377
c.floats.float-split-1;student52;student8;121;0.138947
c.floats.float-split-1;student3;student51;121;0.113208
c.floats.float-split-1;student51;student4;122;0.158228
c.floats.float-split-1;student51;student33;122;0.177116
c.floats.float-split-1;student52;student9;123;0.127745
c.floats.float-split-1;student18;student51;124;0.111304
c.floats.float-split-1;student18;student52;124;0.238636
c.floats.float-split-1;student24;student52;124;0.146199
c.floats.float-split-1;student51;student19;124;0.0987654
c.floats.float-split-1;student1;student52;125;0.134921
c.floats.float-split-1;student39;student52;125;0.194779
c.floats.float-split-1;student51;student11;125;0.128743
c.floats.float-split-1;student11;student52;126;0.179959
c.floats.float-split-1;student2;student52;126;0.142285
c.floats.float-split-1;student10;student52;127;0.18931
c.floats.float-split-1;student5;student52;129;0.133603
c.floats.float-split-1;student51;student23;135;0.127542
c.floats.float-split-1;student23;student52;136;0.134715
