c.strings.getline2-1;student1;student2;8;0.780411
c.strings.getline2-1;student3;student4;10;0.844394
c.strings.getline2-1;student5;student6;10;0.833333
c.strings.getline2-1;student7;student8;12;0.35782
c.strings.getline2-1;student9;student10;12;0.842382
c.strings.getline2-1;student11;student12;13;0.766488
c.strings.getline2-1;student13;student14;22;0.64539
c.strings.getline2-1;student2;student15;24;0.604069
c.strings.getline2-1;student16;student14;27;0.354839
c.strings.getline2-1;student17;student5;28;0.577206
c.strings.getline2-1;student4;student18;29;0.590517
c.strings.getline2-1;student19;student16;30;0.399177
c.strings.getline2-1;student20;student21;30;0.712153
c.strings.getline2-1;student3;student18;30;0.601293
c.strings.getline2-1;student13;student18;30;0.526549
c.strings.getline2-1;student9;student14;30;0.470588
c.strings.getline2-1;student19;student14;31;0.476987
c.strings.getline2-1;student22;student16;31;0.477895
c.strings.getline2-1;student18;student5;31;0.598485
c.strings.getline2-1;student18;student14;31;0.590234
c.strings.getline2-1;student23;student15;32;0.59792
c.strings.getline2-1;student21;student24;32;0.503226
c.strings.getline2-1;student18;student24;32;0.594705
c.strings.getline2-1;student18;student6;32;0.402834
c.strings.getline2-1;student24;student16;33;0.432377
c.strings.getline2-1;student25;student11;33;0.667838
c.strings.getline2-1;student26;student10;33;0.613459
c.strings.getline2-1;student19;student13;34;0.433628
c.strings.getline2-1;student24;student14;34;0.568421
c.strings.getline2-1;student13;student16;34;0.447137
c.strings.getline2-1;student3;student5;34;0.51992
c.strings.getline2-1;student13;student24;34;0.460177
c.strings.getline2-1;student27;student13;34;0.535632
c.strings.getline2-1;student13;student28;34;0.559091
c.strings.getline2-1;student23;student1;35;0.630795
c.strings.getline2-1;student23;student2;35;0.590551
c.strings.getline2-1;student4;student5;35;0.496032
c.strings.getline2-1;student3;student6;36;0.427105
c.strings.getline2-1;student21;student14;36;0.466819
c.strings.getline2-1;student17;student24;37;0.299465
c.strings.getline2-1;student17;student6;37;0.447273
c.strings.getline2-1;student20;student5;37;0.414449
c.strings.getline2-1;student17;student21;38;0.389978
c.strings.getline2-1;student21;student16;38;0.351464
c.strings.getline2-1;student20;student6;38;0.399194
c.strings.getline2-1;student13;student21;38;0.445727
c.strings.getline2-1;student3;student13;38;0.426696
c.strings.getline2-1;student4;student20;38;0.526882
c.strings.getline2-1;student16;student28;38;0.461039
c.strings.getline2-1;student22;student14;38;0.348008
c.strings.getline2-1;student25;student12;38;0.608696
c.strings.getline2-1;student27;student16;38;0.483731
c.strings.getline2-1;student19;student4;39;0.417204
c.strings.getline2-1;student3;student20;39;0.537634
c.strings.getline2-1;student4;student6;39;0.404959
c.strings.getline2-1;student14;student28;39;0.44519
c.strings.getline2-1;student29;student14;39;0.245714
c.strings.getline2-1;student27;student14;39;0.454338
c.strings.getline2-1;student9;student26;39;0.614094
c.strings.getline2-1;student30;student21;40;0.472081
c.strings.getline2-1;student20;student24;40;0.493014
c.strings.getline2-1;student13;student5;40;0.371429
c.strings.getline2-1;student19;student3;41;0.361111
c.strings.getline2-1;student17;student14;41;0.228723
c.strings.getline2-1;student24;student6;41;0.323529
c.strings.getline2-1;student27;student22;41;0.376033
c.strings.getline2-1;student14;student31;41;0.494692
c.strings.getline2-1;student14;student10;41;0.482456
c.strings.getline2-1;student22;student28;41;0.424628
c.strings.getline2-1;student17;student16;42;0.269439
c.strings.getline2-1;student3;student17;42;0.414313
c.strings.getline2-1;student3;student14;42;0.424569
c.strings.getline2-1;student5;student24;42;0.442125
c.strings.getline2-1;student18;student21;42;0.546559
c.strings.getline2-1;student27;student18;42;0.447598
c.strings.getline2-1;student27;student17;42;0.246269
c.strings.getline2-1;student17;student28;42;0.333333
c.strings.getline2-1;student4;student13;42;0.430736
c.strings.getline2-1;student13;student6;42;0.342048
c.strings.getline2-1;student13;student20;42;0.440426
c.strings.getline2-1;student18;student28;42;0.401302
c.strings.getline2-1;student5;student14;42;0.279159
c.strings.getline2-1;student14;student6;42;0.276824
c.strings.getline2-1;student9;student32;42;0.556131
c.strings.getline2-1;student19;student29;42;0.268519
c.strings.getline2-1;student19;student17;43;0.331723
c.strings.getline2-1;student18;student16;43;0.39798
c.strings.getline2-1;student3;student16;43;0.372591
c.strings.getline2-1;student20;student14;43;0.502033
c.strings.getline2-1;student26;student21;43;0.54025
c.strings.getline2-1;student27;student3;43;0.361842
c.strings.getline2-1;student19;student22;43;0.354379
c.strings.getline2-1;student19;student21;43;0.341667
c.strings.getline2-1;student19;student24;43;0.365462
c.strings.getline2-1;student3;student28;43;0.372294
c.strings.getline2-1;student17;student18;43;0.384083
c.strings.getline2-1;student14;student32;43;0.418868
c.strings.getline2-1;student29;student13;43;0.302632
c.strings.getline2-1;student9;student33;43;0.331624
c.strings.getline2-1;student14;student33;44;0.263717
c.strings.getline2-1;student5;student16;44;0.344894
c.strings.getline2-1;student3;student24;44;0.378436
c.strings.getline2-1;student17;student4;44;0.365672
c.strings.getline2-1;student4;student16;44;0.366167
c.strings.getline2-1;student13;student22;44;0.412121
c.strings.getline2-1;student9;student31;44;0.428315
c.strings.getline2-1;student19;student5;45;0.382979
c.strings.getline2-1;student19;student6;45;0.341053
c.strings.getline2-1;student4;student14;45;0.38055
c.strings.getline2-1;student21;student10;45;0.476357
c.strings.getline2-1;student5;student28;45;0.397149
c.strings.getline2-1;student29;student16;45;0.372549
c.strings.getline2-1;student26;student24;45;0.398955
c.strings.getline2-1;student26;student30;45;0.397476
c.strings.getline2-1;student27;student5;45;0.401222
c.strings.getline2-1;student27;student19;45;0.373913
c.strings.getline2-1;student19;student28;45;0.30786
c.strings.getline2-1;student29;student22;45;0.227872
c.strings.getline2-1;student9;student21;45;0.541889
c.strings.getline2-1;student27;student4;46;0.352298
c.strings.getline2-1;student3;student22;46;0.310891
c.strings.getline2-1;student17;student13;46;0.243542
c.strings.getline2-1;student17;student32;46;0.396825
c.strings.getline2-1;student4;student28;46;0.342733
c.strings.getline2-1;student25;student32;46;0.43311
c.strings.getline2-1;student21;student31;46;0.41129
c.strings.getline2-1;student16;student34;46;0.345309
c.strings.getline2-1;student29;student28;46;0.39802
c.strings.getline2-1;student29;student18;46;0.366603
c.strings.getline2-1;student9;student13;46;0.424632
c.strings.getline2-1;student27;student29;46;0.276392
c.strings.getline2-1;student19;student18;47;0.353414
c.strings.getline2-1;student21;student33;47;0.34296
c.strings.getline2-1;student4;student24;47;0.352941
c.strings.getline2-1;student21;student34;47;0.303901
c.strings.getline2-1;student24;student28;47;0.421053
c.strings.getline2-1;student16;student6;47;0.287169
c.strings.getline2-1;student16;student32;47;0.383636
c.strings.getline2-1;student31;student32;47;0.322642
c.strings.getline2-1;student22;student24;47;0.341223
c.strings.getline2-1;student22;student21;47;0.337349
c.strings.getline2-1;student25;student4;47;0.459313
c.strings.getline2-1;student29;student24;47;0.273423
c.strings.getline2-1;student27;student24;47;0.462555
c.strings.getline2-1;student26;student25;47;0.480858
c.strings.getline2-1;student3;student21;48;0.403118
c.strings.getline2-1;student17;student20;48;0.476703
c.strings.getline2-1;student17;student22;48;0.276673
c.strings.getline2-1;student21;student5;48;0.339251
c.strings.getline2-1;student13;student8;48;0.212714
c.strings.getline2-1;student30;student10;48;0.539075
c.strings.getline2-1;student33;student10;48;0.328257
c.strings.getline2-1;student31;student10;48;0.4
c.strings.getline2-1;student9;student16;48;0.318182
c.strings.getline2-1;student13;student33;49;0.292419
c.strings.getline2-1;student3;student30;49;0.264182
c.strings.getline2-1;student26;student14;49;0.436945
c.strings.getline2-1;student19;student31;49;0.285417
c.strings.getline2-1;student4;student22;49;0.313609
c.strings.getline2-1;student10;student32;49;0.548077
c.strings.getline2-1;student22;student34;49;0.334016
c.strings.getline2-1;student22;student31;49;0.398785
c.strings.getline2-1;student29;student21;49;0.374269
c.strings.getline2-1;student4;student12;50;0.56
c.strings.getline2-1;student26;student6;50;0.301418
c.strings.getline2-1;student26;student18;50;0.563025
c.strings.getline2-1;student27;student6;50;0.32684
c.strings.getline2-1;student27;student21;50;0.400871
c.strings.getline2-1;student27;student20;50;0.40678
c.strings.getline2-1;student27;student34;50;0.308204
c.strings.getline2-1;student26;student32;50;0.514019
c.strings.getline2-1;student3;student25;50;0.469945
c.strings.getline2-1;student13;student7;50;0.267261
c.strings.getline2-1;student13;student34;50;0.285388
c.strings.getline2-1;student13;student32;50;0.289575
c.strings.getline2-1;student20;student28;50;0.357895
c.strings.getline2-1;student21;student6;50;0.379668
c.strings.getline2-1;student21;student28;50;0.37037
c.strings.getline2-1;student24;student10;50;0.44688
c.strings.getline2-1;student14;student7;50;0.235669
c.strings.getline2-1;student14;student8;50;0.25
c.strings.getline2-1;student6;student28;50;0.362869
c.strings.getline2-1;student28;student34;50;0.312775
c.strings.getline2-1;student22;student5;50;0.331313
c.strings.getline2-1;student29;student31;50;0.368421
c.strings.getline2-1;student9;student24;50;0.446918
c.strings.getline2-1;student9;student22;50;0.312388
c.strings.getline2-1;student20;student16;51;0.340681
c.strings.getline2-1;student30;student24;51;0.354735
c.strings.getline2-1;student13;student31;51;0.361702
c.strings.getline2-1;student13;student10;51;0.407473
c.strings.getline2-1;student20;student34;51;0.359026
c.strings.getline2-1;student11;student35;51;0.484115
c.strings.getline2-1;student24;student31;51;0.464143
c.strings.getline2-1;student16;student10;51;0.321192
c.strings.getline2-1;student14;student34;51;0.42348
c.strings.getline2-1;student29;student20;51;0.296578
c.strings.getline2-1;student9;student36;51;0.580981
c.strings.getline2-1;student9;student30;51;0.519293
c.strings.getline2-1;student9;student29;51;0.312608
c.strings.getline2-1;student26;student37;51;0.476945
c.strings.getline2-1;student26;student31;51;0.403226
c.strings.getline2-1;student19;student34;51;0.319626
c.strings.getline2-1;student19;student33;52;0.291297
c.strings.getline2-1;student18;student30;52;0.304553
c.strings.getline2-1;student4;student21;52;0.407658
c.strings.getline2-1;student4;student30;52;0.263666
c.strings.getline2-1;student18;student22;52;0.282
c.strings.getline2-1;student11;student5;52;0.501908
c.strings.getline2-1;student5;student32;52;0.311828
c.strings.getline2-1;student24;student32;52;0.372378
c.strings.getline2-1;student12;student35;52;0.453313
c.strings.getline2-1;student29;student6;52;0.266788
c.strings.getline2-1;student29;student17;52;0.2375
c.strings.getline2-1;student26;student15;52;0.386824
c.strings.getline2-1;student26;student5;52;0.333333
c.strings.getline2-1;student9;student18;52;0.530782
c.strings.getline2-1;student9;student37;52;0.436333
c.strings.getline2-1;student29;student37;52;0.333919
c.strings.getline2-1;student25;student17;53;0.342669
c.strings.getline2-1;student19;student20;53;0.301775
c.strings.getline2-1;student3;student12;53;0.541818
c.strings.getline2-1;student17;student31;53;0.217163
c.strings.getline2-1;student18;student31;53;0.460348
c.strings.getline2-1;student21;student36;53;0.451664
c.strings.getline2-1;student21;student32;53;0.408663
c.strings.getline2-1;student16;student31;53;0.34728
c.strings.getline2-1;student6;student33;53;0.213172
c.strings.getline2-1;student10;student36;53;0.516713
c.strings.getline2-1;student31;student33;53;0.273997
c.strings.getline2-1;student22;student32;53;0.315385
c.strings.getline2-1;student22;student6;53;0.331959
c.strings.getline2-1;student29;student33;53;0.286713
c.strings.getline2-1;student29;student5;53;0.264815
c.strings.getline2-1;student9;student28;53;0.294011
c.strings.getline2-1;student9;student19;53;0.328333
c.strings.getline2-1;student9;student27;53;0.327273
c.strings.getline2-1;student21;student38;54;0.379175
c.strings.getline2-1;student16;student33;54;0.256228
c.strings.getline2-1;student5;student12;54;0.426901
c.strings.getline2-1;student18;student33;54;0.278947
c.strings.getline2-1;student4;student11;54;0.4614
c.strings.getline2-1;student3;student33;54;0.245645
c.strings.getline2-1;student26;student13;54;0.3829
c.strings.getline2-1;student26;student3;54;0.339394
c.strings.getline2-1;student26;student36;54;0.549795
c.strings.getline2-1;student19;student39;54;0.293413
c.strings.getline2-1;student19;student32;54;0.355412
c.strings.getline2-1;student30;student36;54;0.431165
c.strings.getline2-1;student24;student34;54;0.333333
c.strings.getline2-1;student6;student32;54;0.25603
c.strings.getline2-1;student31;student6;54;0.34898
c.strings.getline2-1;student22;student10;54;0.33737
c.strings.getline2-1;student37;student15;54;0.381944
c.strings.getline2-1;student37;student10;54;0.4375
c.strings.getline2-1;student29;student32;54;0.277154
c.strings.getline2-1;student29;student10;54;0.326531
c.strings.getline2-1;student29;student4;54;0.218284
c.strings.getline2-1;student29;student3;54;0.20442
c.strings.getline2-1;student9;student5;54;0.344262
c.strings.getline2-1;student29;student40;54;0.179389
c.strings.getline2-1;student41;student37;54;0.287671
c.strings.getline2-1;student5;student33;55;0.254355
c.strings.getline2-1;student20;student33;55;0.310835
c.strings.getline2-1;student20;student38;55;0.350649
c.strings.getline2-1;student30;student11;55;0.449511
c.strings.getline2-1;student26;student4;55;0.357466
c.strings.getline2-1;student3;student10;55;0.251701
c.strings.getline2-1;student3;student34;55;0.364211
c.strings.getline2-1;student3;student32;55;0.294227
c.strings.getline2-1;student4;student34;55;0.357143
c.strings.getline2-1;student5;student31;55;0.330739
c.strings.getline2-1;student24;student36;55;0.402757
c.strings.getline2-1;student16;student8;55;0.235426
c.strings.getline2-1;student37;student39;55;0.353994
c.strings.getline2-1;student9;student6;55;0.255282
c.strings.getline2-1;student19;student37;55;0.375573
c.strings.getline2-1;student19;student15;56;0.305243
c.strings.getline2-1;student17;student30;56;0.35355
c.strings.getline2-1;student17;student12;56;0.377301
c.strings.getline2-1;student17;student33;56;0.25829
c.strings.getline2-1;student24;student33;56;0.285714
c.strings.getline2-1;student3;student11;56;0.435484
c.strings.getline2-1;student26;student16;56;0.315878
c.strings.getline2-1;student26;student20;56;0.537563
c.strings.getline2-1;student26;student17;56;0.447094
c.strings.getline2-1;student27;student33;56;0.223404
c.strings.getline2-1;student27;student32;56;0.349146
c.strings.getline2-1;student17;student34;56;0.267769
c.strings.getline2-1;student18;student10;56;0.495114
c.strings.getline2-1;student18;student34;56;0.299595
c.strings.getline2-1;student20;student22;56;0.311245
c.strings.getline2-1;student9;student41;56;0.345455
c.strings.getline2-1;student13;student40;56;0.158631
c.strings.getline2-1;student16;student40;56;0.198142
c.strings.getline2-1;student6;student40;56;0.212928
c.strings.getline2-1;student33;student28;56;0.251761
c.strings.getline2-1;student33;student32;56;0.265018
c.strings.getline2-1;student28;student32;56;0.343284
c.strings.getline2-1;student34;student8;56;0.268949
c.strings.getline2-1;student41;student14;57;0.232831
c.strings.getline2-1;student30;student6;57;0.272873
c.strings.getline2-1;student25;student5;57;0.393238
c.strings.getline2-1;student20;student31;57;0.404175
c.strings.getline2-1;student11;student6;57;0.431072
c.strings.getline2-1;student21;student7;57;0.283298
c.strings.getline2-1;student21;student8;57;0.234884
c.strings.getline2-1;student29;student30;57;0.265041
c.strings.getline2-1;student26;student33;57;0.299145
c.strings.getline2-1;student26;student41;57;0.265211
c.strings.getline2-1;student27;student8;57;0.27791
c.strings.getline2-1;student19;student8;57;0.231121
c.strings.getline2-1;student9;student17;57;0.387858
c.strings.getline2-1;student9;student25;57;0.505882
c.strings.getline2-1;student9;student3;57;0.327087
c.strings.getline2-1;student9;student40;57;0.195688
c.strings.getline2-1;student26;student29;57;0.273852
c.strings.getline2-1;student4;student40;57;0.20711
c.strings.getline2-1;student5;student40;57;0.176471
c.strings.getline2-1;student28;student8;57;0.264019
c.strings.getline2-1;student37;student36;57;0.353022
c.strings.getline2-1;student37;student14;57;0.396797
c.strings.getline2-1;student17;student11;58;0.369735
c.strings.getline2-1;student11;student21;58;0.365145
c.strings.getline2-1;student30;student33;58;0.293076
c.strings.getline2-1;student24;student15;58;0.355263
c.strings.getline2-1;student5;student15;58;0.362799
c.strings.getline2-1;student41;student33;58;0.344768
c.strings.getline2-1;student26;student19;58;0.341463
c.strings.getline2-1;student19;student25;58;0.383929
c.strings.getline2-1;student19;student7;58;0.247379
c.strings.getline2-1;student23;student24;58;0.314035
c.strings.getline2-1;student41;student10;58;0.220126
c.strings.getline2-1;student18;student32;58;0.312704
c.strings.getline2-1;student25;student24;58;0.336937
c.strings.getline2-1;student4;student10;58;0.237691
c.strings.getline2-1;student30;student31;58;0.332784
c.strings.getline2-1;student30;student32;58;0.3424
c.strings.getline2-1;student16;student7;58;0.298539
c.strings.getline2-1;student16;student15;58;0.316699
c.strings.getline2-1;student12;student6;58;0.308089
c.strings.getline2-1;student29;student34;58;0.224719
c.strings.getline2-1;student9;student20;58;0.487521
c.strings.getline2-1;student14;student40;58;0.287059
c.strings.getline2-1;student40;student32;58;0.263079
c.strings.getline2-1;student31;student36;58;0.342679
c.strings.getline2-1;student19;student41;59;0.252033
c.strings.getline2-1;student6;student15;59;0.336557
c.strings.getline2-1;student13;student30;59;0.284512
c.strings.getline2-1;student4;student33;59;0.233043
c.strings.getline2-1;student26;student1;59;0.3584
c.strings.getline2-1;student27;student40;59;0.18146
c.strings.getline2-1;student19;student40;59;0.168168
c.strings.getline2-1;student3;student31;59;0.31134
c.strings.getline2-1;student3;student40;59;0.214176
c.strings.getline2-1;student4;student32;59;0.281457
c.strings.getline2-1;student7;student34;59;0.275269
c.strings.getline2-1;student6;student34;59;0.272374
c.strings.getline2-1;student33;student34;59;0.191304
c.strings.getline2-1;student36;student32;59;0.473029
c.strings.getline2-1;student40;student28;59;0.154088
c.strings.getline2-1;student22;student33;59;0.246046
c.strings.getline2-1;student18;student11;59;0.309353
c.strings.getline2-1;student25;student14;59;0.243772
c.strings.getline2-1;student25;student21;59;0.361829
c.strings.getline2-1;student30;student37;59;0.325509
c.strings.getline2-1;student30;student5;59;0.30581
c.strings.getline2-1;student30;student14;59;0.333876
c.strings.getline2-1;student19;student11;60;0.347826
c.strings.getline2-1;student11;student24;60;0.300181
c.strings.getline2-1;student14;student15;60;0.325095
c.strings.getline2-1;student24;student12;60;0.191379
c.strings.getline2-1;student20;student11;60;0.319643
c.strings.getline2-1;student18;student15;60;0.328413
c.strings.getline2-1;student13;student15;60;0.289883
c.strings.getline2-1;student13;student38;60;0.314453
c.strings.getline2-1;student4;student15;60;0.338462
c.strings.getline2-1;student25;student15;60;0.302768
c.strings.getline2-1;student23;student3;60;0.334545
c.strings.getline2-1;student23;student41;60;0.309446
c.strings.getline2-1;student25;student18;60;0.333333
c.strings.getline2-1;student26;student11;60;0.423135
c.strings.getline2-1;student26;student23;60;0.305466
c.strings.getline2-1;student27;student7;60;0.278867
c.strings.getline2-1;student27;student31;60;0.403689
c.strings.getline2-1;student25;student35;60;0.391566
c.strings.getline2-1;student29;student15;60;0.272388
c.strings.getline2-1;student29;student41;60;0.2589
c.strings.getline2-1;student9;student39;60;0.315254
c.strings.getline2-1;student9;student4;60;0.3125
c.strings.getline2-1;student26;student40;60;0.223776
c.strings.getline2-1;student26;student35;60;0.310056
c.strings.getline2-1;student19;student10;60;0.339909
c.strings.getline2-1;student13;student37;60;0.3054
c.strings.getline2-1;student18;student40;60;0.203463
c.strings.getline2-1;student11;student32;60;0.383244
c.strings.getline2-1;student5;student34;60;0.249057
c.strings.getline2-1;student5;student36;60;0.343239
c.strings.getline2-1;student24;student40;60;0.152799
c.strings.getline2-1;student42;student32;60;0.479299
c.strings.getline2-1;student14;student36;60;0.353395
c.strings.getline2-1;student12;student39;60;0.367883
c.strings.getline2-1;student7;student28;60;0.272532
c.strings.getline2-1;student38;student34;60;0.312268
c.strings.getline2-1;student31;student28;60;0.370143
c.strings.getline2-1;student37;student32;60;0.476415
c.strings.getline2-1;student19;student12;61;0.303351
c.strings.getline2-1;student30;student16;61;0.270531
c.strings.getline2-1;student41;student16;61;0.236975
c.strings.getline2-1;student3;student15;61;0.363002
c.strings.getline2-1;student23;student18;61;0.331579
c.strings.getline2-1;student41;student13;61;0.215753
c.strings.getline2-1;student30;student20;61;0.311321
c.strings.getline2-1;student27;student38;61;0.336484
c.strings.getline2-1;student27;student10;61;0.339789
c.strings.getline2-1;student41;student31;61;0.244262
c.strings.getline2-1;student20;student32;61;0.349103
c.strings.getline2-1;student38;student28;61;0.351402
c.strings.getline2-1;student25;student6;61;0.325862
c.strings.getline2-1;student25;student37;61;0.311734
c.strings.getline2-1;student25;student31;61;0.216638
c.strings.getline2-1;student4;student31;61;0.287474
c.strings.getline2-1;student4;student8;61;0.212528
c.strings.getline2-1;student28;student10;61;0.304577
c.strings.getline2-1;student34;student32;61;0.333879
c.strings.getline2-1;student39;student10;61;0.307932
c.strings.getline2-1;student31;student34;61;0.322
c.strings.getline2-1;student10;student15;62;0.277778
c.strings.getline2-1;student39;student15;62;0.240845
c.strings.getline2-1;student40;student33;62;0.290385
c.strings.getline2-1;student31;student15;62;0.388031
c.strings.getline2-1;student41;student15;62;0.229032
c.strings.getline2-1;student23;student16;62;0.291071
c.strings.getline2-1;student43;student36;62;0.57781
c.strings.getline2-1;student3;student8;62;0.220225
c.strings.getline2-1;student20;student10;62;0.45705
c.strings.getline2-1;student20;student8;62;0.201774
c.strings.getline2-1;student22;student8;62;0.23913
c.strings.getline2-1;student37;student33;62;0.218605
c.strings.getline2-1;student30;student12;62;0.2657
c.strings.getline2-1;student37;student24;62;0.368243
c.strings.getline2-1;student37;student21;62;0.29562
c.strings.getline2-1;student18;student12;62;0.387211
c.strings.getline2-1;student18;student7;62;0.272545
c.strings.getline2-1;student18;student8;62;0.201774
c.strings.getline2-1;student29;student11;62;0.269162
c.strings.getline2-1;student9;student34;62;0.316865
c.strings.getline2-1;student41;student40;62;0.211838
c.strings.getline2-1;student17;student40;62;0.255287
c.strings.getline2-1;student43;student30;63;0.379408
c.strings.getline2-1;student21;student15;63;0.312741
c.strings.getline2-1;student38;student33;63;0.282862
c.strings.getline2-1;student14;student38;63;0.314711
c.strings.getline2-1;student41;student30;63;0.280265
c.strings.getline2-1;student3;student41;63;0.219064
c.strings.getline2-1;student3;student7;63;0.247357
c.strings.getline2-1;student41;student4;63;0.23
c.strings.getline2-1;student4;student7;63;0.268908
c.strings.getline2-1;student25;student36;63;0.404225
c.strings.getline2-1;student25;student30;63;0.341308
c.strings.getline2-1;student25;student13;63;0.265193
c.strings.getline2-1;student5;student10;63;0.330632
c.strings.getline2-1;student16;student36;63;0.284389
c.strings.getline2-1;student42;student36;63;0.464768
c.strings.getline2-1;student22;student38;63;0.310092
c.strings.getline2-1;student20;student7;63;0.290984
c.strings.getline2-1;student20;student36;63;0.436472
c.strings.getline2-1;student22;student7;63;0.254032
c.strings.getline2-1;student29;student36;63;0.267802
c.strings.getline2-1;student9;student15;63;0.417376
c.strings.getline2-1;student3;student37;63;0.22
c.strings.getline2-1;student37;student40;63;0.235211
c.strings.getline2-1;student19;student38;64;0.289377
c.strings.getline2-1;student17;student38;64;0.223684
c.strings.getline2-1;student21;student12;64;0.425263
c.strings.getline2-1;student16;student38;64;0.327869
c.strings.getline2-1;student28;student15;64;0.283465
c.strings.getline2-1;student14;student12;64;0.231164
c.strings.getline2-1;student5;student38;64;0.351916
c.strings.getline2-1;student20;student15;64;0.326493
c.strings.getline2-1;student25;student1;64;0.337907
c.strings.getline2-1;student41;student18;64;0.220564
c.strings.getline2-1;student41;student6;64;0.2704
c.strings.getline2-1;student26;student12;64;0.394203
c.strings.getline2-1;student27;student15;64;0.313112
c.strings.getline2-1;student27;student30;64;0.279661
c.strings.getline2-1;student26;student22;64;0.246504
c.strings.getline2-1;student23;student29;64;0.281022
c.strings.getline2-1;student23;student4;64;0.26
c.strings.getline2-1;student41;student32;64;0.285484
c.strings.getline2-1;student29;student12;64;0.208981
c.strings.getline2-1;student4;student37;64;0.214414
c.strings.getline2-1;student20;student40;64;0.160777
c.strings.getline2-1;student15;student32;64;0.378136
c.strings.getline2-1;student40;student15;64;0.25641
c.strings.getline2-1;student6;student10;64;0.279387
c.strings.getline2-1;student40;student10;64;0.22093
c.strings.getline2-1;student22;student36;64;0.262422
c.strings.getline2-1;student22;student40;64;0.212062
c.strings.getline2-1;student31;student40;64;0.210623
c.strings.getline2-1;student37;student16;64;0.336347
c.strings.getline2-1;student18;student36;64;0.435435
c.strings.getline2-1;student30;student28;64;0.256452
c.strings.getline2-1;student19;student30;65;0.28754
c.strings.getline2-1;student6;student38;65;0.296367
c.strings.getline2-1;student41;student21;65;0.229481
c.strings.getline2-1;student41;student1;65;0.264984
c.strings.getline2-1;student41;student17;65;0.249221
c.strings.getline2-1;student23;student13;65;0.309434
c.strings.getline2-1;student23;student5;65;0.367311
c.strings.getline2-1;student26;student2;65;0.265928
c.strings.getline2-1;student27;student11;65;0.287523
c.strings.getline2-1;student27;student26;65;0.312388
c.strings.getline2-1;student26;student28;65;0.307143
c.strings.getline2-1;student3;student36;65;0.323029
c.strings.getline2-1;student41;student5;65;0.22314
c.strings.getline2-1;student41;student24;65;0.190955
c.strings.getline2-1;student25;student39;65;0.298984
c.strings.getline2-1;student25;student16;65;0.266304
c.strings.getline2-1;student25;student20;65;0.329787
c.strings.getline2-1;student44;student43;65;0.601969
c.strings.getline2-1;student17;student10;65;0.370651
c.strings.getline2-1;student17;student36;65;0.452037
c.strings.getline2-1;student29;student38;65;0.262787
c.strings.getline2-1;student9;student11;65;0.423729
c.strings.getline2-1;student27;student37;65;0.319343
c.strings.getline2-1;student23;student40;65;0.256849
c.strings.getline2-1;student1;student37;65;0.268058
c.strings.getline2-1;student30;student22;65;0.265
c.strings.getline2-1;student30;student42;65;0.373418
c.strings.getline2-1;student20;student12;65;0.390374
c.strings.getline2-1;student11;student14;65;0.223827
c.strings.getline2-1;student11;student40;65;0.255198
c.strings.getline2-1;student11;student28;65;0.281362
c.strings.getline2-1;student21;student40;65;0.173077
c.strings.getline2-1;student2;student39;65;0.302857
c.strings.getline2-1;student12;student32;65;0.261076
c.strings.getline2-1;student6;student36;65;0.304012
c.strings.getline2-1;student33;student36;65;0.266355
c.strings.getline2-1;student37;student28;65;0.314183
c.strings.getline2-1;student37;student31;65;0.373451
c.strings.getline2-1;student11;student16;66;0.232852
c.strings.getline2-1;student43;student25;66;0.301273
c.strings.getline2-1;student23;student20;66;0.329181
c.strings.getline2-1;student23;student10;66;0.318612
c.strings.getline2-1;student41;student25;66;0.24878
c.strings.getline2-1;student41;student2;66;0.286846
c.strings.getline2-1;student41;student36;66;0.265861
c.strings.getline2-1;student17;student8;66;0.185328
c.strings.getline2-1;student1;student6;66;0.218182
c.strings.getline2-1;student13;student12;66;0.211744
c.strings.getline2-1;student25;student40;66;0.214286
c.strings.getline2-1;student30;student40;66;0.176471
c.strings.getline2-1;student11;student39;66;0.30219
c.strings.getline2-1;student24;student7;66;0.279915
c.strings.getline2-1;student16;student39;66;0.294118
c.strings.getline2-1;student42;student33;66;0.27551
c.strings.getline2-1;student12;student40;66;0.151286
c.strings.getline2-1;student37;student22;66;0.324578
c.strings.getline2-1;student43;student11;67;0.432046
c.strings.getline2-1;student17;student15;67;0.335677
c.strings.getline2-1;student33;student15;67;0.223752
c.strings.getline2-1;student12;student15;67;0.306644
c.strings.getline2-1;student13;student11;67;0.272563
c.strings.getline2-1;student26;student38;67;0.335516
c.strings.getline2-1;student26;student42;67;0.420814
c.strings.getline2-1;student27;student42;67;0.256993
c.strings.getline2-1;student27;student36;67;0.226266
c.strings.getline2-1;student19;student36;67;0.322176
c.strings.getline2-1;student23;student32;67;0.376068
c.strings.getline2-1;student5;student8;67;0.179541
c.strings.getline2-1;student42;student28;67;0.247834
c.strings.getline2-1;student28;student36;67;0.22327
c.strings.getline2-1;student40;student34;67;0.173313
c.strings.getline2-1;student40;student38;67;0.181295
c.strings.getline2-1;student6;student8;67;0.279545
c.strings.getline2-1;student22;student15;67;0.2818
c.strings.getline2-1;student18;student38;67;0.306422
c.strings.getline2-1;student37;student6;67;0.21164
c.strings.getline2-1;student37;student2;67;0.25254
c.strings.getline2-1;student37;student11;67;0.218589
c.strings.getline2-1;student13;student36;67;0.222222
c.strings.getline2-1;student25;student10;67;0.444618
c.strings.getline2-1;student29;student39;67;0.21137
c.strings.getline2-1;student29;student25;67;0.295053
c.strings.getline2-1;student9;student38;67;0.324575
c.strings.getline2-1;student23;student37;67;0.338259
c.strings.getline2-1;student18;student37;67;0.318569
c.strings.getline2-1;student1;student40;67;0.284247
c.strings.getline2-1;student1;student39;67;0.201681
c.strings.getline2-1;student19;student23;68;0.282095
c.strings.getline2-1;student3;student1;68;0.327448
c.strings.getline2-1;student1;student5;68;0.244262
c.strings.getline2-1;student1;student24;68;0.283828
c.strings.getline2-1;student27;student23;68;0.280148
c.strings.getline2-1;student27;student25;68;0.273874
c.strings.getline2-1;student23;student22;68;0.32833
c.strings.getline2-1;student23;student14;68;0.27957
c.strings.getline2-1;student23;student31;68;0.305054
c.strings.getline2-1;student23;student6;68;0.245931
c.strings.getline2-1;student23;student28;68;0.282288
c.strings.getline2-1;student41;student22;68;0.227045
c.strings.getline2-1;student41;student39;68;0.254902
c.strings.getline2-1;student4;student36;68;0.314972
c.strings.getline2-1;student25;student28;68;0.266071
c.strings.getline2-1;student25;student22;68;0.279492
c.strings.getline2-1;student1;student10;68;0.316993
c.strings.getline2-1;student30;student15;68;0.266355
c.strings.getline2-1;student16;student12;68;0.230769
c.strings.getline2-1;student36;student15;68;0.208719
c.strings.getline2-1;student20;student35;68;0.302147
c.strings.getline2-1;student11;student31;68;0.218695
c.strings.getline2-1;student11;student15;68;0.313589
c.strings.getline2-1;student5;student7;68;0.293307
c.strings.getline2-1;student24;student8;68;0.213964
c.strings.getline2-1;student7;student6;68;0.270042
c.strings.getline2-1;student10;student34;68;0.341049
c.strings.getline2-1;student37;student12;68;0.23994
c.strings.getline2-1;student19;student1;69;0.299669
c.strings.getline2-1;student3;student38;69;0.248566
c.strings.getline2-1;student23;student21;69;0.268156
c.strings.getline2-1;student43;student12;69;0.430168
c.strings.getline2-1;student27;student12;69;0.275
c.strings.getline2-1;student26;student39;69;0.284107
c.strings.getline2-1;student3;student39;69;0.237741
c.strings.getline2-1;student17;student7;69;0.251376
c.strings.getline2-1;student4;student1;69;0.321895
c.strings.getline2-1;student4;student39;69;0.268148
c.strings.getline2-1;student25;student33;69;0.302083
c.strings.getline2-1;student25;student2;69;0.297839
c.strings.getline2-1;student30;student35;69;0.371914
c.strings.getline2-1;student11;student36;69;0.320621
c.strings.getline2-1;student12;student28;69;0.277087
c.strings.getline2-1;student40;student36;69;0.209141
c.strings.getline2-1;student31;student38;69;0.298677
c.strings.getline2-1;student24;student38;69;0.317518
c.strings.getline2-1;student24;student39;69;0.182085
c.strings.getline2-1;student42;student10;69;0.428356
c.strings.getline2-1;student14;student39;69;0.187608
c.strings.getline2-1;student29;student1;69;0.245347
c.strings.getline2-1;student23;student45;69;0.175723
c.strings.getline2-1;student9;student42;69;0.357257
c.strings.getline2-1;student9;student23;69;0.317804
c.strings.getline2-1;student1;student30;70;0.269058
c.strings.getline2-1;student38;student15;70;0.314783
c.strings.getline2-1;student7;student33;70;0.265378
c.strings.getline2-1;student18;student1;70;0.305331
c.strings.getline2-1;student4;student38;70;0.25239
c.strings.getline2-1;student23;student30;70;0.274143
c.strings.getline2-1;student41;student20;70;0.233058
c.strings.getline2-1;student26;student43;70;0.426846
c.strings.getline2-1;student23;student25;70;0.325744
c.strings.getline2-1;student44;student35;70;0.411511
c.strings.getline2-1;student11;student22;70;0.26691
c.strings.getline2-1;student21;student35;70;0.321317
c.strings.getline2-1;student24;student2;70;0.230655
c.strings.getline2-1;student2;student6;70;0.210366
c.strings.getline2-1;student39;student32;70;0.325479
c.strings.getline2-1;student22;student12;70;0.223776
c.strings.getline2-1;student9;student1;70;0.349282
c.strings.getline2-1;student1;student16;71;0.246256
c.strings.getline2-1;student41;student45;71;0.218092
c.strings.getline2-1;student41;student38;71;0.231496
c.strings.getline2-1;student23;student17;71;0.31664
c.strings.getline2-1;student41;student42;71;0.293624
c.strings.getline2-1;student27;student41;71;0.20202
c.strings.getline2-1;student26;student34;71;0.287234
c.strings.getline2-1;student41;student28;71;0.247863
c.strings.getline2-1;student4;student2;71;0.272588
c.strings.getline2-1;student30;student34;71;0.284603
c.strings.getline2-1;student5;student2;71;0.218935
c.strings.getline2-1;student38;student32;71;0.293333
c.strings.getline2-1;student33;student8;71;0.166052
c.strings.getline2-1;student34;student15;71;0.274583
c.strings.getline2-1;student31;student39;71;0.215942
c.strings.getline2-1;student37;student5;71;0.293194
c.strings.getline2-1;student29;student8;71;0.168986
c.strings.getline2-1;student9;student12;71;0.315961
c.strings.getline2-1;student1;student11;72;0.341794
c.strings.getline2-1;student43;student35;72;0.42368
c.strings.getline2-1;student41;student12;72;0.25
c.strings.getline2-1;student23;student12;72;0.336735
c.strings.getline2-1;student23;student39;72;0.2694
c.strings.getline2-1;student23;student36;72;0.244039
c.strings.getline2-1;student3;student42;72;0.258649
c.strings.getline2-1;student3;student2;72;0.26935
c.strings.getline2-1;student1;student14;72;0.256667
c.strings.getline2-1;student21;student42;72;0.362393
c.strings.getline2-1;student20;student42;72;0.28135
c.strings.getline2-1;student11;student10;72;0.431889
c.strings.getline2-1;student11;student34;72;0.281362
c.strings.getline2-1;student5;student35;72;0.276163
c.strings.getline2-1;student24;student35;72;0.257967
c.strings.getline2-1;student6;student35;72;0.263554
c.strings.getline2-1;student38;student10;72;0.363636
c.strings.getline2-1;student34;student36;72;0.338483
c.strings.getline2-1;student37;student35;72;0.247175
c.strings.getline2-1;student29;student7;72;0.190388
c.strings.getline2-1;student29;student2;72;0.249254
c.strings.getline2-1;student9;student43;72;0.401107
c.strings.getline2-1;student17;student37;72;0.36747
c.strings.getline2-1;student17;student35;72;0.283358
c.strings.getline2-1;student1;student33;73;0.273504
c.strings.getline2-1;student11;student2;73;0.248086
c.strings.getline2-1;student11;student33;73;0.311304
c.strings.getline2-1;student16;student2;73;0.250384
c.strings.getline2-1;student13;student1;73;0.234483
c.strings.getline2-1;student41;student11;73;0.237316
c.strings.getline2-1;student23;student11;73;0.270224
c.strings.getline2-1;student19;student2;73;0.312312
c.strings.getline2-1;student43;student32;73;0.350072
c.strings.getline2-1;student41;student35;73;0.343653
c.strings.getline2-1;student38;student36;73;0.210526
c.strings.getline2-1;student39;student36;73;0.298836
c.strings.getline2-1;student31;student12;73;0.262153
c.strings.getline2-1;student42;student38;73;0.25841
c.strings.getline2-1;student2;student40;73;0.218935
c.strings.getline2-1;student37;student20;73;0.371476
c.strings.getline2-1;student18;student2;73;0.243685
c.strings.getline2-1;student18;student39;73;0.175
c.strings.getline2-1;student1;student31;73;0.271044
c.strings.getline2-1;student1;student12;73;0.327303
c.strings.getline2-1;student1;student32;73;0.31405
c.strings.getline2-1;student17;student1;74;0.316832
c.strings.getline2-1;student17;student45;74;0.220917
c.strings.getline2-1;student38;student45;74;0.205479
c.strings.getline2-1;student30;student38;74;0.258544
c.strings.getline2-1;student1;student38;74;0.321821
c.strings.getline2-1;student1;student20;74;0.278219
c.strings.getline2-1;student45;student15;74;0.15814
c.strings.getline2-1;student12;student33;74;0.251256
c.strings.getline2-1;student2;student12;74;0.262918
c.strings.getline2-1;student13;student39;74;0.243339
c.strings.getline2-1;student44;student25;74;0.250335
c.strings.getline2-1;student42;student31;74;0.294017
c.strings.getline2-1;student42;student6;74;0.283892
c.strings.getline2-1;student2;student10;74;0.252555
c.strings.getline2-1;student12;student34;74;0.257895
c.strings.getline2-1;student32;student8;74;0.193159
c.strings.getline2-1;student35;student36;74;0.378873
c.strings.getline2-1;student31;student8;74;0.220044
c.strings.getline2-1;student31;student7;74;0.237705
c.strings.getline2-1;student22;student42;74;0.26072
c.strings.getline2-1;student18;student35;74;0.300613
c.strings.getline2-1;student1;student36;74;0.290043
c.strings.getline2-1;student9;student35;74;0.29985
c.strings.getline2-1;student9;student7;74;0.193262
c.strings.getline2-1;student9;student2;74;0.265367
c.strings.getline2-1;student1;student21;75;0.305461
c.strings.getline2-1;student23;student33;75;0.309565
c.strings.getline2-1;student23;student38;75;0.299174
c.strings.getline2-1;student43;student5;75;0.377874
c.strings.getline2-1;student41;student34;75;0.19802
c.strings.getline2-1;student17;student2;75;0.267054
c.strings.getline2-1;student30;student2;75;0.293495
c.strings.getline2-1;student13;student42;75;0.301394
c.strings.getline2-1;student4;student42;75;0.253707
c.strings.getline2-1;student21;student39;75;0.169867
c.strings.getline2-1;student5;student42;75;0.385124
c.strings.getline2-1;student22;student39;75;0.221239
c.strings.getline2-1;student25;student34;75;0.241681
c.strings.getline2-1;student25;student38;75;0.260797
c.strings.getline2-1;student44;student36;75;0.548128
c.strings.getline2-1;student44;student30;75;0.318117
c.strings.getline2-1;student44;student23;75;0.217742
c.strings.getline2-1;student9;student8;75;0.154275
c.strings.getline2-1;student42;student40;75;0.244224
c.strings.getline2-1;student2;student36;75;0.252174
c.strings.getline2-1;student33;student39;75;0.195266
c.strings.getline2-1;student35;student38;75;0.246377
c.strings.getline2-1;student37;student34;75;0.327948
c.strings.getline2-1;student37;student38;75;0.236311
c.strings.getline2-1;student16;student42;76;0.313409
c.strings.getline2-1;student35;student15;76;0.243722
c.strings.getline2-1;student18;student42;76;0.273021
c.strings.getline2-1;student27;student1;76;0.281739
c.strings.getline2-1;student17;student39;76;0.222883
c.strings.getline2-1;student1;student28;76;0.272884
c.strings.getline2-1;student42;student14;76;0.311224
c.strings.getline2-1;student2;student32;76;0.255882
c.strings.getline2-1;student12;student36;76;0.321622
c.strings.getline2-1;student7;student32;76;0.201479
c.strings.getline2-1;student44;student2;76;0.22973
c.strings.getline2-1;student23;student35;76;0.239227
c.strings.getline2-1;student29;student35;76;0.207519
c.strings.getline2-1;student16;student45;77;0.248786
c.strings.getline2-1;student12;student38;77;0.211823
c.strings.getline2-1;student2;student33;77;0.235385
c.strings.getline2-1;student43;student17;77;0.433908
c.strings.getline2-1;student43;student6;77;0.338088
c.strings.getline2-1;student27;student39;77;0.28356
c.strings.getline2-1;student43;student10;77;0.370572
c.strings.getline2-1;student23;student42;77;0.251981
c.strings.getline2-1;student1;student22;77;0.225042
c.strings.getline2-1;student1;student35;77;0.24422
c.strings.getline2-1;student30;student39;77;0.2287
c.strings.getline2-1;student20;student2;77;0.278861
c.strings.getline2-1;student5;student39;77;0.182081
c.strings.getline2-1;student2;student35;77;0.26393
c.strings.getline2-1;student14;student35;77;0.235119
c.strings.getline2-1;student12;student10;77;0.262103
c.strings.getline2-1;student6;student39;77;0.194362
c.strings.getline2-1;student28;student39;77;0.277198
c.strings.getline2-1;student35;student32;77;0.275
c.strings.getline2-1;student35;student10;77;0.305036
c.strings.getline2-1;student35;student39;77;0.253521
c.strings.getline2-1;student31;student35;77;0.19403
c.strings.getline2-1;student28;student45;78;0.175092
c.strings.getline2-1;student35;student45;78;0.177458
c.strings.getline2-1;student5;student45;78;0.21659
c.strings.getline2-1;student1;student45;78;0.188439
c.strings.getline2-1;student43;student21;78;0.321888
c.strings.getline2-1;student41;student46;78;0.197822
c.strings.getline2-1;student17;student42;78;0.277691
c.strings.getline2-1;student27;student45;78;0.18315
c.strings.getline2-1;student27;student2;78;0.258013
c.strings.getline2-1;student20;student39;78;0.166909
c.strings.getline2-1;student42;student34;78;0.228618
c.strings.getline2-1;student2;student14;78;0.248848
c.strings.getline2-1;student44;student15;78;0.241803
c.strings.getline2-1;student43;student37;78;0.326316
c.strings.getline2-1;student43;student24;78;0.262411
c.strings.getline2-1;student4;student35;78;0.34985
c.strings.getline2-1;student13;student2;78;0.235669
c.strings.getline2-1;student2;student31;78;0.219731
c.strings.getline2-1;student2;student28;78;0.237179
c.strings.getline2-1;student40;student35;78;0.219118
c.strings.getline2-1;student29;student42;78;0.259259
c.strings.getline2-1;student42;student45;79;0.17696
c.strings.getline2-1;student3;student45;79;0.152253
c.strings.getline2-1;student44;student11;79;0.327177
c.strings.getline2-1;student44;student1;79;0.251012
c.strings.getline2-1;student44;student26;79;0.358974
c.strings.getline2-1;student3;student35;79;0.329819
c.strings.getline2-1;student22;student35;79;0.243451
c.strings.getline2-1;student22;student2;79;0.205975
c.strings.getline2-1;student7;student40;79;0.148545
c.strings.getline2-1;student38;student39;79;0.179916
c.strings.getline2-1;student45;student36;79;0.189032
c.strings.getline2-1;student40;student8;79;0.128099
c.strings.getline2-1;student37;student42;79;0.295886
c.strings.getline2-1;student2;student45;80;0.21167
c.strings.getline2-1;student21;student2;80;0.207752
c.strings.getline2-1;student13;student45;80;0.164216
c.strings.getline2-1;student25;student46;80;0.239923
c.strings.getline2-1;student44;student24;80;0.257468
c.strings.getline2-1;student27;student35;80;0.273292
c.strings.getline2-1;student13;student35;80;0.229607
c.strings.getline2-1;student16;student35;80;0.204334
c.strings.getline2-1;student7;student10;80;0.216443
c.strings.getline2-1;student35;student28;80;0.263975
c.strings.getline2-1;student40;student39;80;0.201158
c.strings.getline2-1;student29;student45;80;0.17381
c.strings.getline2-1;student23;student34;80;0.338926
c.strings.getline2-1;student9;student45;80;0.173611
c.strings.getline2-1;student11;student38;81;0.281145
c.strings.getline2-1;student6;student45;81;0.18303
c.strings.getline2-1;student12;student45;81;0.159334
c.strings.getline2-1;student21;student45;81;0.16307
c.strings.getline2-1;student2;student38;81;0.253129
c.strings.getline2-1;student24;student45;81;0.179577
c.strings.getline2-1;student24;student42;81;0.284109
c.strings.getline2-1;student44;student18;81;0.491404
c.strings.getline2-1;student44;student17;81;0.468
c.strings.getline2-1;student44;student37;81;0.252229
c.strings.getline2-1;student19;student35;81;0.251897
c.strings.getline2-1;student43;student20;81;0.376587
c.strings.getline2-1;student42;student35;81;0.260586
c.strings.getline2-1;student10;student8;81;0.165756
c.strings.getline2-1;student19;student45;82;0.178017
c.strings.getline2-1;student39;student45;82;0.168743
c.strings.getline2-1;student43;student45;82;0.198582
c.strings.getline2-1;student43;student18;82;0.428367
c.strings.getline2-1;student17;student46;82;0.20098
c.strings.getline2-1;student1;student34;82;0.255319
c.strings.getline2-1;student11;student42;82;0.350329
c.strings.getline2-1;student35;student34;82;0.172932
c.strings.getline2-1;student22;student45;82;0.200986
c.strings.getline2-1;student44;student5;82;0.406828
c.strings.getline2-1;student44;student20;82;0.453638
c.strings.getline2-1;student33;student45;83;0.193277
c.strings.getline2-1;student46;student12;83;0.246801
c.strings.getline2-1;student14;student45;83;0.193277
c.strings.getline2-1;student42;student15;83;0.271132
c.strings.getline2-1;student42;student12;83;0.279032
c.strings.getline2-1;student20;student45;83;0.16647
c.strings.getline2-1;student30;student45;83;0.218268
c.strings.getline2-1;student4;student45;83;0.154313
c.strings.getline2-1;student43;student3;83;0.335244
c.strings.getline2-1;student45;student32;83;0.195962
c.strings.getline2-1;student39;student34;83;0.210914
c.strings.getline2-1;student35;student33;83;0.299107
c.strings.getline2-1;student44;student32;83;0.281984
c.strings.getline2-1;student44;student3;83;0.372434
c.strings.getline2-1;student19;student42;84;0.291601
c.strings.getline2-1;student11;student45;84;0.135876
c.strings.getline2-1;student18;student45;84;0.175991
c.strings.getline2-1;student43;student41;84;0.25
c.strings.getline2-1;student46;student32;84;0.165423
c.strings.getline2-1;student38;student8;84;0.192
c.strings.getline2-1;student29;student46;84;0.155414
c.strings.getline2-1;student26;student7;84;0.210884
c.strings.getline2-1;student26;student8;84;0.171004
c.strings.getline2-1;student44;student21;84;0.328869
c.strings.getline2-1;student40;student45;85;0.200963
c.strings.getline2-1;student7;student38;85;0.269303
c.strings.getline2-1;student43;student33;85;0.232525
c.strings.getline2-1;student1;student42;85;0.298193
c.strings.getline2-1;student11;student46;85;0.237569
c.strings.getline2-1;student46;student15;85;0.255459
c.strings.getline2-1;student31;student45;85;0.143713
c.strings.getline2-1;student24;student46;85;0.151592
c.strings.getline2-1;student42;student2;85;0.28465
c.strings.getline2-1;student25;student42;85;0.340625
c.strings.getline2-1;student26;student45;85;0.197248
c.strings.getline2-1;student44;student12;85;0.304406
c.strings.getline2-1;student44;student4;85;0.353372
c.strings.getline2-1;student44;student41;85;0.281481
c.strings.getline2-1;student9;student44;85;0.339237
c.strings.getline2-1;student43;student29;85;0.189341
c.strings.getline2-1;student34;student45;86;0.177515
c.strings.getline2-1;student10;student45;86;0.17931
c.strings.getline2-1;student1;student46;86;0.166262
c.strings.getline2-1;student14;student46;86;0.154337
c.strings.getline2-1;student2;student34;86;0.25937
c.strings.getline2-1;student46;student39;86;0.146429
c.strings.getline2-1;student37;student46;86;0.152123
c.strings.getline2-1;student25;student45;86;0.15721
c.strings.getline2-1;student43;student4;86;0.310888
c.strings.getline2-1;student43;student14;86;0.233429
c.strings.getline2-1;student44;student6;86;0.337739
c.strings.getline2-1;student44;student29;86;0.226551
c.strings.getline2-1;student43;student31;86;0.233333
c.strings.getline2-1;student19;student46;87;0.182942
c.strings.getline2-1;student43;student42;87;0.331169
c.strings.getline2-1;student43;student15;87;0.225585
c.strings.getline2-1;student31;student46;87;0.153942
c.strings.getline2-1;student37;student45;87;0.178005
c.strings.getline2-1;student26;student46;87;0.14881
c.strings.getline2-1;student44;student31;87;0.195435
c.strings.getline2-1;student44;student10;87;0.396574
c.strings.getline2-1;student46;student38;88;0.128878
c.strings.getline2-1;student43;student23;88;0.196676
c.strings.getline2-1;student43;student13;88;0.227338
c.strings.getline2-1;student5;student46;88;0.159091
c.strings.getline2-1;student23;student46;88;0.254
c.strings.getline2-1;student42;student39;88;0.23994
c.strings.getline2-1;student46;student6;88;0.117573
c.strings.getline2-1;student2;student46;88;0.186603
c.strings.getline2-1;student43;student38;89;0.221039
c.strings.getline2-1;student43;student16;89;0.270073
c.strings.getline2-1;student16;student46;89;0.347518
c.strings.getline2-1;student46;student33;89;0.186017
c.strings.getline2-1;student18;student46;89;0.145729
c.strings.getline2-1;student44;student45;89;0.223516
c.strings.getline2-1;student46;student40;89;0.217884
c.strings.getline2-1;student43;student22;90;0.214888
c.strings.getline2-1;student43;student40;90;0.223315
c.strings.getline2-1;student43;student39;90;0.269076
c.strings.getline2-1;student3;student46;90;0.284091
c.strings.getline2-1;student30;student7;90;0.181965
c.strings.getline2-1;student30;student8;90;0.146299
c.strings.getline2-1;student37;student8;90;0.166667
c.strings.getline2-1;student37;student7;90;0.201802
c.strings.getline2-1;student7;student15;91;0.245136
c.strings.getline2-1;student44;student39;91;0.259705
c.strings.getline2-1;student44;student42;91;0.26685
c.strings.getline2-1;student44;student13;91;0.182085
c.strings.getline2-1;student44;student40;91;0.169399
c.strings.getline2-1;student46;student45;92;0.23432
c.strings.getline2-1;student43;student1;92;0.286885
c.strings.getline2-1;student30;student46;92;0.150127
c.strings.getline2-1;student13;student46;92;0.131882
c.strings.getline2-1;student27;student46;92;0.248837
c.strings.getline2-1;student27;student43;92;0.253219
c.strings.getline2-1;student43;student28;92;0.238913
c.strings.getline2-1;student43;student34;92;0.164095
c.strings.getline2-1;student41;student8;92;0.178819
c.strings.getline2-1;student46;student28;92;0.298077
c.strings.getline2-1;student15;student8;92;0.175869
c.strings.getline2-1;student22;student46;92;0.327231
c.strings.getline2-1;student20;student46;92;0.137888
c.strings.getline2-1;student25;student8;92;0.171587
c.strings.getline2-1;student25;student7;92;0.214035
c.strings.getline2-1;student44;student33;92;0.245228
c.strings.getline2-1;student43;student2;93;0.245729
c.strings.getline2-1;student21;student46;93;0.15414
c.strings.getline2-1;student4;student46;93;0.242991
c.strings.getline2-1;student41;student7;93;0.203333
c.strings.getline2-1;student44;student28;93;0.221566
c.strings.getline2-1;student44;student16;93;0.202006
c.strings.getline2-1;student44;student27;93;0.205882
c.strings.getline2-1;student9;student46;93;0.138614
c.strings.getline2-1;student19;student43;94;0.170455
c.strings.getline2-1;student44;student38;94;0.232119
c.strings.getline2-1;student44;student14;94;0.189533
c.strings.getline2-1;student46;student10;94;0.146371
c.strings.getline2-1;student36;student8;94;0.155949
c.strings.getline2-1;student11;student8;95;0.170132
c.strings.getline2-1;student42;student46;95;0.245318
c.strings.getline2-1;student44;student19;95;0.27748
c.strings.getline2-1;student44;student22;95;0.214804
c.strings.getline2-1;student46;student35;95;0.189155
c.strings.getline2-1;student46;student36;95;0.177108
c.strings.getline2-1;student7;student36;95;0.199387
c.strings.getline2-1;student43;student46;96;0.181818
c.strings.getline2-1;student12;student8;96;0.165428
c.strings.getline2-1;student11;student7;97;0.218861
c.strings.getline2-1;student44;student46;97;0.186633
c.strings.getline2-1;student12;student7;98;0.174439
c.strings.getline2-1;student47;student35;98;0.198966
c.strings.getline2-1;student23;student8;99;0.181992
c.strings.getline2-1;student46;student34;99;0.148241
c.strings.getline2-1;student42;student8;100;0.186833
c.strings.getline2-1;student23;student7;101;0.197487
c.strings.getline2-1;student42;student7;101;0.181356
c.strings.getline2-1;student44;student34;101;0.219415
c.strings.getline2-1;student47;student11;102;0.174522
c.strings.getline2-1;student25;student47;104;0.177922
c.strings.getline2-1;student47;student2;105;0.164384
c.strings.getline2-1;student29;student47;105;0.149045
c.strings.getline2-1;student44;student47;105;0.205845
c.strings.getline2-1;student47;student12;106;0.160462
c.strings.getline2-1;student23;student47;106;0.149808
c.strings.getline2-1;student47;student36;106;0.226601
c.strings.getline2-1;student39;student8;106;0.139571
c.strings.getline2-1;student45;student8;106;0.141221
c.strings.getline2-1;student37;student47;106;0.162847
c.strings.getline2-1;student1;student47;107;0.153846
c.strings.getline2-1;student1;student7;107;0.221488
c.strings.getline2-1;student1;student8;107;0.181159
c.strings.getline2-1;student47;student40;107;0.187256
c.strings.getline2-1;student47;student10;107;0.190667
c.strings.getline2-1;student7;student39;107;0.150365
c.strings.getline2-1;student43;student47;108;0.206549
c.strings.getline2-1;student9;student47;108;0.187261
c.strings.getline2-1;student7;student45;109;0.140964
c.strings.getline2-1;student47;student46;109;0.15375
c.strings.getline2-1;student41;student47;109;0.185526
c.strings.getline2-1;student47;student39;109;0.140244
c.strings.getline2-1;student2;student7;110;0.178019
c.strings.getline2-1;student47;student15;110;0.156812
c.strings.getline2-1;student26;student47;110;0.172372
c.strings.getline2-1;student7;student35;110;0.200893
c.strings.getline2-1;student35;student8;110;0.142628
c.strings.getline2-1;student47;student45;111;0.153667
c.strings.getline2-1;student47;student38;111;0.153752
c.strings.getline2-1;student4;student47;111;0.124352
c.strings.getline2-1;student47;student6;111;0.125811
c.strings.getline2-1;student47;student24;111;0.226923
c.strings.getline2-1;student2;student8;111;0.136808
c.strings.getline2-1;student30;student47;112;0.161082
c.strings.getline2-1;student47;student32;112;0.158291
c.strings.getline2-1;student47;student33;112;0.142292
c.strings.getline2-1;student47;student5;112;0.19585
c.strings.getline2-1;student3;student47;113;0.121762
c.strings.getline2-1;student47;student31;113;0.234694
c.strings.getline2-1;student47;student42;114;0.227799
c.strings.getline2-1;student27;student47;115;0.301802
c.strings.getline2-1;student17;student47;115;0.175573
c.strings.getline2-1;student18;student47;115;0.137484
c.strings.getline2-1;student47;student28;115;0.252796
c.strings.getline2-1;student47;student14;115;0.274059
c.strings.getline2-1;student47;student20;115;0.231317
c.strings.getline2-1;student13;student47;116;0.233173
c.strings.getline2-1;student47;student16;117;0.189873
c.strings.getline2-1;student47;student21;117;0.248092
c.strings.getline2-1;student47;student22;117;0.22119
c.strings.getline2-1;student19;student47;118;0.167929
c.strings.getline2-1;student46;student7;121;0.15625
c.strings.getline2-1;student43;student7;123;0.182197
c.strings.getline2-1;student48;student49;123;0.211488
c.strings.getline2-1;student49;student50;123;0.204152
c.strings.getline2-1;student43;student8;124;0.159124
c.strings.getline2-1;student47;student49;124;0.125123
c.strings.getline2-1;student46;student8;124;0.204938
c.strings.getline2-1;student47;student34;125;0.210204
c.strings.getline2-1;student44;student8;125;0.159398
c.strings.getline2-1;student44;student7;125;0.184173
c.strings.getline2-1;student48;student47;127;0.188014
c.strings.getline2-1;student47;student50;127;0.194836
c.strings.getline2-1;student51;student49;146;0.148997
c.strings.getline2-1;student47;student7;146;0.146597
c.strings.getline2-1;student47;student51;146;0.10146
c.strings.getline2-1;student47;student8;147;0.158824
c.strings.getline2-1;student46;student49;148;0.163099
c.strings.getline2-1;student48;student51;149;0.181886
c.strings.getline2-1;student51;student50;149;0.180389
c.strings.getline2-1;student2;student49;149;0.157793
c.strings.getline2-1;student44;student49;149;0.192948
c.strings.getline2-1;student43;student49;150;0.143418
c.strings.getline2-1;student1;student49;152;0.142712
c.strings.getline2-1;student39;student49;153;0.123167
c.strings.getline2-1;student44;student50;153;0.152399
c.strings.getline2-1;student44;student48;153;0.157103
c.strings.getline2-1;student48;student2;154;0.132022
c.strings.getline2-1;student2;student50;154;0.12746
c.strings.getline2-1;student48;student46;155;0.152672
c.strings.getline2-1;student46;student50;155;0.151141
c.strings.getline2-1;student35;student49;155;0.159405
c.strings.getline2-1;student44;student51;155;0.1341
c.strings.getline2-1;student49;student45;156;0.167327
c.strings.getline2-1;student43;student48;156;0.138632
c.strings.getline2-1;student43;student50;156;0.14733
c.strings.getline2-1;student48;student1;156;0.150558
c.strings.getline2-1;student41;student49;156;0.123849
c.strings.getline2-1;student1;student50;156;0.148285
c.strings.getline2-1;student51;student45;157;0.117284
c.strings.getline2-1;student48;student45;157;0.176301
c.strings.getline2-1;student23;student49;157;0.15727
c.strings.getline2-1;student45;student50;157;0.183732
c.strings.getline2-1;student48;student41;158;0.12987
c.strings.getline2-1;student48;student39;158;0.152778
c.strings.getline2-1;student41;student50;158;0.120272
c.strings.getline2-1;student51;student35;158;0.0992248
c.strings.getline2-1;student39;student50;158;0.148561
c.strings.getline2-1;student43;student51;159;0.111877
c.strings.getline2-1;student23;student48;159;0.134597
c.strings.getline2-1;student23;student50;159;0.12891
c.strings.getline2-1;student48;student35;159;0.13913
c.strings.getline2-1;student49;student36;159;0.168452
c.strings.getline2-1;student35;student50;159;0.121905
c.strings.getline2-1;student37;student49;159;0.14686
c.strings.getline2-1;student25;student49;159;0.139438
c.strings.getline2-1;student30;student49;160;0.147624
c.strings.getline2-1;student11;student49;160;0.120332
c.strings.getline2-1;student51;student46;160;0.0971026
c.strings.getline2-1;student42;student49;160;0.162887
c.strings.getline2-1;student12;student49;160;0.131446
c.strings.getline2-1;student38;student49;160;0.122409
c.strings.getline2-1;student49;student15;160;0.136364
c.strings.getline2-1;student48;student25;161;0.127741
c.strings.getline2-1;student25;student50;161;0.121905
c.strings.getline2-1;student48;student36;162;0.157009
c.strings.getline2-1;student36;student50;162;0.151066
c.strings.getline2-1;student29;student49;162;0.125
c.strings.getline2-1;student48;student15;163;0.13403
c.strings.getline2-1;student26;student49;163;0.147619
c.strings.getline2-1;student24;student49;163;0.124874
c.strings.getline2-1;student15;student50;163;0.137051
c.strings.getline2-1;student10;student49;164;0.153091
c.strings.getline2-1;student48;student12;165;0.114258
c.strings.getline2-1;student48;student37;165;0.133945
c.strings.getline2-1;student12;student50;165;0.114035
c.strings.getline2-1;student33;student49;165;0.140351
c.strings.getline2-1;student49;student32;165;0.151303
c.strings.getline2-1;student40;student49;165;0.127681
c.strings.getline2-1;student37;student50;165;0.131193
c.strings.getline2-1;student11;student51;166;0.0959325
c.strings.getline2-1;student48;student11;166;0.12381
c.strings.getline2-1;student48;student30;166;0.140927
c.strings.getline2-1;student30;student50;166;0.134429
c.strings.getline2-1;student11;student50;166;0.119772
c.strings.getline2-1;student51;student2;166;0.10574
c.strings.getline2-1;student26;student50;166;0.122563
c.strings.getline2-1;student26;student48;166;0.140204
c.strings.getline2-1;student5;student49;166;0.134945
c.strings.getline2-1;student6;student49;166;0.110763
c.strings.getline2-1;student41;student51;167;0.0959438
c.strings.getline2-1;student23;student51;167;0.110099
c.strings.getline2-1;student18;student49;167;0.13963
c.strings.getline2-1;student20;student49;167;0.140802
c.strings.getline2-1;student16;student49;167;0.130208
c.strings.getline2-1;student22;student49;167;0.11722
c.strings.getline2-1;student29;student50;167;0.133789
c.strings.getline2-1;student29;student48;167;0.131501
c.strings.getline2-1;student9;student49;167;0.149706
c.strings.getline2-1;student51;student12;168;0.103759
c.strings.getline2-1;student48;student42;168;0.150485
c.strings.getline2-1;student51;student39;168;0.12083
c.strings.getline2-1;student51;student36;168;0.116438
c.strings.getline2-1;student42;student50;168;0.152805
c.strings.getline2-1;student31;student49;168;0.123188
c.strings.getline2-1;student1;student51;169;0.102545
c.strings.getline2-1;student3;student49;169;0.132505
c.strings.getline2-1;student17;student49;169;0.15286
c.strings.getline2-1;student4;student49;169;0.125395
c.strings.getline2-1;student25;student51;169;0.0948342
c.strings.getline2-1;student30;student51;170;0.108149
c.strings.getline2-1;student32;student50;170;0.142311
c.strings.getline2-1;student27;student49;170;0.248276
c.strings.getline2-1;student48;student32;170;0.139155
c.strings.getline2-1;student28;student49;170;0.10627
c.strings.getline2-1;student19;student49;171;0.146293
c.strings.getline2-1;student48;student38;171;0.12442
c.strings.getline2-1;student48;student40;171;0.14843
c.strings.getline2-1;student48;student10;171;0.127841
c.strings.getline2-1;student38;student50;171;0.126735
c.strings.getline2-1;student10;student50;171;0.136752
c.strings.getline2-1;student40;student50;171;0.146527
c.strings.getline2-1;student37;student51;171;0.108487
c.strings.getline2-1;student51;student42;172;0.10458
c.strings.getline2-1;student48;student33;172;0.139648
c.strings.getline2-1;student48;student5;172;0.137405
c.strings.getline2-1;student48;student18;172;0.128502
c.strings.getline2-1;student18;student50;172;0.129219
c.strings.getline2-1;student9;student50;172;0.139734
c.strings.getline2-1;student9;student48;172;0.135626
c.strings.getline2-1;student51;student40;172;0.110329
c.strings.getline2-1;student21;student49;172;0.106846
c.strings.getline2-1;student5;student50;172;0.130601
c.strings.getline2-1;student33;student50;172;0.121739
c.strings.getline2-1;student3;student48;173;0.105161
c.strings.getline2-1;student3;student50;173;0.111753
c.strings.getline2-1;student48;student6;173;0.120722
c.strings.getline2-1;student48;student24;173;0.130895
c.strings.getline2-1;student48;student4;173;0.100775
c.strings.getline2-1;student4;student50;173;0.105416
c.strings.getline2-1;student24;student50;173;0.130644
c.strings.getline2-1;student6;student50;173;0.111005
c.strings.getline2-1;student51;student15;174;0.104135
c.strings.getline2-1;student48;student20;174;0.128255
c.strings.getline2-1;student20;student50;174;0.12897
c.strings.getline2-1;student51;student38;175;0.0897436
c.strings.getline2-1;student48;student17;175;0.134342
c.strings.getline2-1;student26;student51;175;0.118401
c.strings.getline2-1;student48;student31;175;0.128378
c.strings.getline2-1;student17;student50;175;0.127962
c.strings.getline2-1;student13;student49;175;0.129374
c.strings.getline2-1;student49;student34;175;0.168
c.strings.getline2-1;student31;student50;175;0.126558
c.strings.getline2-1;student48;student22;176;0.172852
c.strings.getline2-1;student51;student10;176;0.116105
c.strings.getline2-1;student14;student49;176;0.124224
c.strings.getline2-1;student22;student50;176;0.171103
c.strings.getline2-1;student29;student51;176;0.0818533
c.strings.getline2-1;student19;student48;177;0.116458
c.strings.getline2-1;student19;student50;177;0.117929
c.strings.getline2-1;student4;student51;177;0.0902022
c.strings.getline2-1;student51;student6;177;0.0791311
c.strings.getline2-1;student48;student16;177;0.161165
c.strings.getline2-1;student27;student50;177;0.133333
c.strings.getline2-1;student27;student48;177;0.127907
c.strings.getline2-1;student48;student28;177;0.321185
c.strings.getline2-1;student51;student32;177;0.108761
c.strings.getline2-1;student16;student50;177;0.157282
c.strings.getline2-1;student28;student50;177;0.320455
c.strings.getline2-1;student9;student51;177;0.105263
c.strings.getline2-1;student3;student51;178;0.0849571
c.strings.getline2-1;student51;student5;178;0.113707
c.strings.getline2-1;student51;student24;179;0.0917574
c.strings.getline2-1;student18;student51;179;0.101393
c.strings.getline2-1;student48;student13;179;0.156098
c.strings.getline2-1;student13;student50;179;0.159069
c.strings.getline2-1;student51;student33;180;0.0877329
c.strings.getline2-1;student48;student21;180;0.119417
c.strings.getline2-1;student48;student14;180;0.270335
c.strings.getline2-1;student51;student31;180;0.0852053
c.strings.getline2-1;student21;student50;180;0.129344
c.strings.getline2-1;student14;student50;180;0.270335
c.strings.getline2-1;student17;student51;181;0.125848
c.strings.getline2-1;student22;student51;181;0.130296
c.strings.getline2-1;student20;student51;181;0.0968992
c.strings.getline2-1;student51;student16;182;0.108812
c.strings.getline2-1;student27;student51;183;0.0939968
c.strings.getline2-1;student51;student28;183;0.172144
c.strings.getline2-1;student51;student21;184;0.0792541
c.strings.getline2-1;student51;student34;184;0.0891089
c.strings.getline2-1;student19;student51;186;0.0915332
c.strings.getline2-1;student48;student34;186;0.120077
c.strings.getline2-1;student34;student50;186;0.121648
c.strings.getline2-1;student13;student51;187;0.0893417
c.strings.getline2-1;student51;student14;188;0.0919176
c.strings.getline2-1;student7;student49;203;0.118173
c.strings.getline2-1;student49;student8;203;0.270588
c.strings.getline2-1;student48;student8;211;0.0957129
c.strings.getline2-1;student50;student8;211;0.0952381
c.strings.getline2-1;student48;student7;212;0.121557
c.strings.getline2-1;student7;student50;212;0.120379
c.strings.getline2-1;student51;student7;214;0.14307
c.strings.getline2-1;student51;student8;214;0.0579365
