c.ints.simple-set-1;student1;student2;4;0.21934
c.ints.simple-set-1;student3;student4;5;0.662602
c.ints.simple-set-1;student5;student4;5;0.722772
c.ints.simple-set-1;student6;student7;7;0.902287
c.ints.simple-set-1;student5;student8;8;0.607143
c.ints.simple-set-1;student9;student10;8;0.737255
c.ints.simple-set-1;student9;student11;8;0.641115
c.ints.simple-set-1;student9;student12;8;0.710526
c.ints.simple-set-1;student13;student5;9;0.675277
c.ints.simple-set-1;student13;student4;9;0.782258
c.ints.simple-set-1;student14;student5;10;0.624088
c.ints.simple-set-1;student3;student5;10;0.592727
c.ints.simple-set-1;student15;student5;10;0.65798
c.ints.simple-set-1;student15;student16;10;0.656652
c.ints.simple-set-1;student12;student17;10;0.663636
c.ints.simple-set-1;student14;student4;10;0.757812
c.ints.simple-set-1;student15;student18;11;0.265896
c.ints.simple-set-1;student13;student15;11;0.604563
c.ints.simple-set-1;student14;student19;11;0.668588
c.ints.simple-set-1;student12;student11;11;0.643123
c.ints.simple-set-1;student18;student16;11;0.545455
c.ints.simple-set-1;student15;student14;12;0.624088
c.ints.simple-set-1;student13;student19;12;0.66185
c.ints.simple-set-1;student13;student8;12;0.571885
c.ints.simple-set-1;student15;student4;12;0.733813
c.ints.simple-set-1;student15;student8;12;0.478386
c.ints.simple-set-1;student17;student10;12;0.676724
c.ints.simple-set-1;student11;student10;12;0.631579
c.ints.simple-set-1;student12;student10;12;0.673387
c.ints.simple-set-1;student18;student5;13;0.503012
c.ints.simple-set-1;student3;student14;13;0.685606
c.ints.simple-set-1;student14;student8;13;0.533333
c.ints.simple-set-1;student4;student8;13;0.560127
c.ints.simple-set-1;student13;student18;14;0.337313
c.ints.simple-set-1;student13;student3;14;0.61597
c.ints.simple-set-1;student12;student20;14;0.608392
c.ints.simple-set-1;student14;student18;15;0.354167
c.ints.simple-set-1;student15;student2;15;0.498382
c.ints.simple-set-1;student15;student19;15;0.209424
c.ints.simple-set-1;student9;student20;15;0.558824
c.ints.simple-set-1;student9;student17;15;0.648536
c.ints.simple-set-1;student21;student20;15;0.637324
c.ints.simple-set-1;student19;student5;16;0.645892
c.ints.simple-set-1;student15;student12;16;0.734615
c.ints.simple-set-1;student17;student20;16;0.295455
c.ints.simple-set-1;student11;student20;16;0.599327
c.ints.simple-set-1;student11;student18;16;0.39645
c.ints.simple-set-1;student11;student17;16;0.622951
c.ints.simple-set-1;student21;student11;16;0.58804
c.ints.simple-set-1;student16;student5;17;0.564885
c.ints.simple-set-1;student19;student18;17;0.543333
c.ints.simple-set-1;student1;student5;17;0.450633
c.ints.simple-set-1;student15;student3;17;0.52963
c.ints.simple-set-1;student22;student19;17;0.497462
c.ints.simple-set-1;student15;student23;17;0.555147
c.ints.simple-set-1;student19;student23;17;0.297082
c.ints.simple-set-1;student18;student4;17;0.258824
c.ints.simple-set-1;student18;student8;17;0.482955
c.ints.simple-set-1;student1;student14;18;0.312
c.ints.simple-set-1;student13;student1;18;0.433604
c.ints.simple-set-1;student15;student1;18;0.228288
c.ints.simple-set-1;student15;student20;18;0.531773
c.ints.simple-set-1;student3;student8;18;0.470588
c.ints.simple-set-1;student19;student8;18;0.548913
c.ints.simple-set-1;student22;student14;18;0.528125
c.ints.simple-set-1;student1;student4;18;0.241895
c.ints.simple-set-1;student16;student4;18;0.614407
c.ints.simple-set-1;student24;student16;18;0.512821
c.ints.simple-set-1;student16;student25;18;0.512821
c.ints.simple-set-1;student21;student12;18;0.416949
c.ints.simple-set-1;student18;student2;19;0.413295
c.ints.simple-set-1;student5;student2;19;0.535604
c.ints.simple-set-1;student16;student2;19;0.545455
c.ints.simple-set-1;student14;student16;19;0.491071
c.ints.simple-set-1;student24;student14;19;0.440252
c.ints.simple-set-1;student9;student5;19;0.587248
c.ints.simple-set-1;student13;student24;19;0.457413
c.ints.simple-set-1;student13;student16;19;0.481651
c.ints.simple-set-1;student13;student25;19;0.457413
c.ints.simple-set-1;student14;student25;19;0.45768
c.ints.simple-set-1;student21;student9;19;0.546624
c.ints.simple-set-1;student26;student20;19;0.617391
c.ints.simple-set-1;student22;student13;19;0.383648
c.ints.simple-set-1;student23;student5;20;0.548747
c.ints.simple-set-1;student14;student2;20;0.464052
c.ints.simple-set-1;student12;student5;20;0.655172
c.ints.simple-set-1;student1;student18;20;0.549333
c.ints.simple-set-1;student12;student16;20;0.608333
c.ints.simple-set-1;student17;student16;20;0.6875
c.ints.simple-set-1;student14;student20;20;0.573477
c.ints.simple-set-1;student18;student20;20;0.509434
c.ints.simple-set-1;student20;student10;20;0.556338
c.ints.simple-set-1;student16;student8;20;0.379562
c.ints.simple-set-1;student24;student2;20;0.397554
c.ints.simple-set-1;student11;student5;20;0.57931
c.ints.simple-set-1;student9;student18;20;0.39528
c.ints.simple-set-1;student2;student25;20;0.397554
c.ints.simple-set-1;student21;student5;20;0.635762
c.ints.simple-set-1;student13;student2;20;0.428105
c.ints.simple-set-1;student13;student20;20;0.548387
c.ints.simple-set-1;student20;student5;21;0.624561
c.ints.simple-set-1;student1;student3;21;0.322751
c.ints.simple-set-1;student15;student17;21;0.616822
c.ints.simple-set-1;student1;student8;21;0.470732
c.ints.simple-set-1;student14;student23;21;0.542763
c.ints.simple-set-1;student19;student4;21;0.228261
c.ints.simple-set-1;student10;student4;21;0.556017
c.ints.simple-set-1;student9;student15;21;0.62069
c.ints.simple-set-1;student13;student10;21;0.507692
c.ints.simple-set-1;student22;student8;21;0.409326
c.ints.simple-set-1;student13;student23;21;0.564189
c.ints.simple-set-1;student15;student11;22;0.602996
c.ints.simple-set-1;student15;student24;22;0.323988
c.ints.simple-set-1;student27;student28;22;0.259346
c.ints.simple-set-1;student3;student18;22;0.267267
c.ints.simple-set-1;student18;student10;22;0.471125
c.ints.simple-set-1;student4;student2;22;0.445545
c.ints.simple-set-1;student11;student29;22;0.456204
c.ints.simple-set-1;student17;student4;22;0.584906
c.ints.simple-set-1;student3;student16;22;0.449799
c.ints.simple-set-1;student14;student10;22;0.501887
c.ints.simple-set-1;student24;student4;22;0.406452
c.ints.simple-set-1;student9;student29;22;0.532423
c.ints.simple-set-1;student15;student25;22;0.323988
c.ints.simple-set-1;student12;student29;22;0.544444
c.ints.simple-set-1;student1;student16;22;0.216359
c.ints.simple-set-1;student12;student4;22;0.693182
c.ints.simple-set-1;student30;student1;22;0.574742
c.ints.simple-set-1;student4;student25;22;0.406452
c.ints.simple-set-1;student21;student8;22;0.58284
c.ints.simple-set-1;student10;student5;23;0.518519
c.ints.simple-set-1;student13;student17;23;0.444444
c.ints.simple-set-1;student13;student21;23;0.501779
c.ints.simple-set-1;student13;student9;23;0.510417
c.ints.simple-set-1;student1;student24;23;0.540107
c.ints.simple-set-1;student18;student23;23;0.268437
c.ints.simple-set-1;student24;student18;23;0.631124
c.ints.simple-set-1;student24;student17;23;0.351438
c.ints.simple-set-1;student9;student4;23;0.544118
c.ints.simple-set-1;student9;student14;23;0.506803
c.ints.simple-set-1;student1;student25;23;0.540107
c.ints.simple-set-1;student12;student23;23;0.569106
c.ints.simple-set-1;student17;student25;23;0.351438
c.ints.simple-set-1;student3;student10;23;0.48
c.ints.simple-set-1;student19;student20;23;0.520833
c.ints.simple-set-1;student19;student16;23;0.211073
c.ints.simple-set-1;student18;student25;23;0.628242
c.ints.simple-set-1;student20;student16;23;0.471861
c.ints.simple-set-1;student20;student8;23;0.523077
c.ints.simple-set-1;student2;student8;23;0.393768
c.ints.simple-set-1;student16;student23;23;0.621005
c.ints.simple-set-1;student21;student10;23;0.37884
c.ints.simple-set-1;student21;student14;23;0.508897
c.ints.simple-set-1;student26;student17;23;0.245353
c.ints.simple-set-1;student22;student5;23;0.462243
c.ints.simple-set-1;student26;student12;23;0.351955
c.ints.simple-set-1;student17;student3;24;0.5
c.ints.simple-set-1;student17;student14;24;0.425121
c.ints.simple-set-1;student1;student20;24;0.396419
c.ints.simple-set-1;student1;student19;24;0.455847
c.ints.simple-set-1;student31;student19;24;0.489362
c.ints.simple-set-1;student3;student19;24;0.221311
c.ints.simple-set-1;student24;student10;24;0.444444
c.ints.simple-set-1;student11;student8;24;0.442478
c.ints.simple-set-1;student11;student14;24;0.585965
c.ints.simple-set-1;student12;student2;24;0.455738
c.ints.simple-set-1;student12;student18;24;0.272727
c.ints.simple-set-1;student12;student14;24;0.534296
c.ints.simple-set-1;student12;student3;24;0.55814
c.ints.simple-set-1;student11;student4;24;0.554307
c.ints.simple-set-1;student30;student5;24;0.587744
c.ints.simple-set-1;student10;student25;24;0.444444
c.ints.simple-set-1;student21;student17;24;0.337143
c.ints.simple-set-1;student22;student1;24;0.39206
c.ints.simple-set-1;student22;student15;24;0.443878
c.ints.simple-set-1;student13;student12;24;0.510949
c.ints.simple-set-1;student13;student11;24;0.580071
c.ints.simple-set-1;student21;student1;24;0.338384
c.ints.simple-set-1;student21;student15;24;0.415094
c.ints.simple-set-1;student26;student21;24;0.380682
c.ints.simple-set-1;student20;student2;25;0.464286
c.ints.simple-set-1;student3;student2;25;0.456747
c.ints.simple-set-1;student17;student18;25;0.272727
c.ints.simple-set-1;student23;student8;25;0.474138
c.ints.simple-set-1;student19;student2;25;0.216146
c.ints.simple-set-1;student20;student23;25;0.432727
c.ints.simple-set-1;student23;student4;25;0.48
c.ints.simple-set-1;student24;student5;25;0.392523
c.ints.simple-set-1;student11;student2;25;0.568562
c.ints.simple-set-1;student11;student16;25;0.546512
c.ints.simple-set-1;student30;student4;25;0.516129
c.ints.simple-set-1;student9;student2;25;0.576667
c.ints.simple-set-1;student13;student32;25;0.398892
c.ints.simple-set-1;student9;student16;25;0.56654
c.ints.simple-set-1;student9;student3;25;0.462633
c.ints.simple-set-1;student21;student4;25;0.51505
c.ints.simple-set-1;student21;student18;25;0.435737
c.ints.simple-set-1;student14;student32;25;0.40056
c.ints.simple-set-1;student5;student25;25;0.392523
c.ints.simple-set-1;student26;student33;25;0.490196
c.ints.simple-set-1;student26;student31;25;0.538043
c.ints.simple-set-1;student22;student20;25;0.435045
c.ints.simple-set-1;student17;student29;26;0.510549
c.ints.simple-set-1;student31;student18;26;0.429907
c.ints.simple-set-1;student15;student31;26;0.377953
c.ints.simple-set-1;student12;student8;26;0.400576
c.ints.simple-set-1;student20;student4;26;0.42069
c.ints.simple-set-1;student24;student3;26;0.336391
c.ints.simple-set-1;student11;student19;26;0.228571
c.ints.simple-set-1;student11;student3;26;0.507194
c.ints.simple-set-1;student30;student2;26;0.558282
c.ints.simple-set-1;student30;student14;26;0.511864
c.ints.simple-set-1;student30;student3;26;0.508711
c.ints.simple-set-1;student22;student2;26;0.356932
c.ints.simple-set-1;student22;student18;26;0.278261
c.ints.simple-set-1;student13;student30;26;0.491525
c.ints.simple-set-1;student9;student23;26;0.564655
c.ints.simple-set-1;student9;student19;26;0.231023
c.ints.simple-set-1;student9;student1;26;0.213592
c.ints.simple-set-1;student3;student25;26;0.361635
c.ints.simple-set-1;student21;student2;26;0.462783
c.ints.simple-set-1;student21;student29;26;0.247967
c.ints.simple-set-1;student21;student30;26;0.568254
c.ints.simple-set-1;student26;student19;26;0.535809
c.ints.simple-set-1;student26;student11;26;0.285285
c.ints.simple-set-1;student26;student9;26;0.191919
c.ints.simple-set-1;student29;student5;27;0.39916
c.ints.simple-set-1;student17;student2;27;0.4375
c.ints.simple-set-1;student17;student5;27;0.460465
c.ints.simple-set-1;student31;student33;27;0.55496
c.ints.simple-set-1;student22;student21;27;0.42577
c.ints.simple-set-1;student22;student23;27;0.421875
c.ints.simple-set-1;student15;student30;27;0.489736
c.ints.simple-set-1;student15;student10;27;0.565041
c.ints.simple-set-1;student1;student12;27;0.282878
c.ints.simple-set-1;student1;student11;27;0.305764
c.ints.simple-set-1;student17;student23;27;0.549505
c.ints.simple-set-1;student29;student20;27;0.278481
c.ints.simple-set-1;student16;student10;27;0.579151
c.ints.simple-set-1;student19;student33;27;0.47027
c.ints.simple-set-1;student24;student8;27;0.440922
c.ints.simple-set-1;student24;student19;27;0.427245
c.ints.simple-set-1;student30;student8;27;0.384393
c.ints.simple-set-1;student30;student18;27;0.346041
c.ints.simple-set-1;student9;student8;27;0.232044
c.ints.simple-set-1;student9;student28;27;0.411215
c.ints.simple-set-1;student19;student25;27;0.427245
c.ints.simple-set-1;student8;student25;27;0.432277
c.ints.simple-set-1;student21;student16;27;0.527076
c.ints.simple-set-1;student21;student3;27;0.393103
c.ints.simple-set-1;student28;student2;28;0.598131
c.ints.simple-set-1;student3;student20;28;0.513889
c.ints.simple-set-1;student29;student10;28;0.516854
c.ints.simple-set-1;student31;student2;28;0.217822
c.ints.simple-set-1;student31;student5;28;0.42
c.ints.simple-set-1;student11;student23;28;0.382576
c.ints.simple-set-1;student11;student28;28;0.417808
c.ints.simple-set-1;student12;student28;28;0.510274
c.ints.simple-set-1;student11;student24;28;0.354839
c.ints.simple-set-1;student30;student16;28;0.44484
c.ints.simple-set-1;student11;student25;28;0.354839
c.ints.simple-set-1;student21;student19;28;0.540845
c.ints.simple-set-1;student26;student23;28;0.27882
c.ints.simple-set-1;student26;student16;28;0.226027
c.ints.simple-set-1;student26;student15;28;0.337802
c.ints.simple-set-1;student22;student4;28;0.281065
c.ints.simple-set-1;student10;student2;29;0.460714
c.ints.simple-set-1;student15;student29;29;0.401515
c.ints.simple-set-1;student3;student29;29;0.48
c.ints.simple-set-1;student1;student31;29;0.352041
c.ints.simple-set-1;student22;student24;29;0.397476
c.ints.simple-set-1;student22;student25;29;0.397476
c.ints.simple-set-1;student3;student23;29;0.47619
c.ints.simple-set-1;student12;student19;29;0.266892
c.ints.simple-set-1;student12;student24;29;0.31348
c.ints.simple-set-1;student29;student4;29;0.511194
c.ints.simple-set-1;student34;student23;29;0.366391
c.ints.simple-set-1;student10;student23;29;0.541126
c.ints.simple-set-1;student32;student4;29;0.4025
c.ints.simple-set-1;student9;student24;29;0.357143
c.ints.simple-set-1;student9;student25;29;0.357143
c.ints.simple-set-1;student12;student25;29;0.31348
c.ints.simple-set-1;student21;student33;29;0.564607
c.ints.simple-set-1;student15;student32;29;0.374677
c.ints.simple-set-1;student32;student5;30;0.438903
c.ints.simple-set-1;student27;student2;30;0.384259
c.ints.simple-set-1;student23;student2;30;0.352542
c.ints.simple-set-1;student24;student29;30;0.284058
c.ints.simple-set-1;student1;student10;30;0.203655
c.ints.simple-set-1;student1;student28;30;0.298368
c.ints.simple-set-1;student1;student17;30;0.184127
c.ints.simple-set-1;student30;student20;30;0.451724
c.ints.simple-set-1;student30;student11;30;0.38961
c.ints.simple-set-1;student29;student25;30;0.286957
c.ints.simple-set-1;student21;student28;30;0.466454
c.ints.simple-set-1;student21;student31;30;0.371585
c.ints.simple-set-1;student1;student32;30;0.415842
c.ints.simple-set-1;student31;student8;30;0.359694
c.ints.simple-set-1;student31;student20;30;0.376206
c.ints.simple-set-1;student12;student32;30;0.418667
c.ints.simple-set-1;student31;student16;30;0.369458
c.ints.simple-set-1;student26;student18;30;0.468144
c.ints.simple-set-1;student26;student29;30;0.182292
c.ints.simple-set-1;student22;student9;30;0.223565
c.ints.simple-set-1;student32;student2;31;0.390123
c.ints.simple-set-1;student29;student2;31;0.45098
c.ints.simple-set-1;student17;student8;31;0.214912
c.ints.simple-set-1;student28;student10;31;0.337621
c.ints.simple-set-1;student24;student20;31;0.368098
c.ints.simple-set-1;student11;student33;31;0.365591
c.ints.simple-set-1;student12;student33;31;0.307471
c.ints.simple-set-1;student13;student31;31;0.369318
c.ints.simple-set-1;student30;student19;31;0.408488
c.ints.simple-set-1;student30;student29;31;0.362179
c.ints.simple-set-1;student9;student30;31;0.350769
c.ints.simple-set-1;student21;student23;31;0.372781
c.ints.simple-set-1;student3;student32;31;0.38292
c.ints.simple-set-1;student29;student28;31;0.582456
c.ints.simple-set-1;student20;student25;31;0.368098
c.ints.simple-set-1;student16;student32;31;0.251534
c.ints.simple-set-1;student34;student32;31;0.40678
c.ints.simple-set-1;student10;student8;31;0.434375
c.ints.simple-set-1;student26;student10;31;0.28882
c.ints.simple-set-1;student22;student3;31;0.352727
c.ints.simple-set-1;student22;student30;31;0.40458
c.ints.simple-set-1;student22;student11;31;0.25816
c.ints.simple-set-1;student22;student16;31;0.313131
c.ints.simple-set-1;student29;student18;32;0.238506
c.ints.simple-set-1;student19;student10;32;0.24026
c.ints.simple-set-1;student31;student34;32;0.466844
c.ints.simple-set-1;student31;student14;32;0.36
c.ints.simple-set-1;student1;student23;32;0.25
c.ints.simple-set-1;student30;student12;32;0.451613
c.ints.simple-set-1;student9;student33;32;0.274074
c.ints.simple-set-1;student19;student35;32;0.480099
c.ints.simple-set-1;student18;student32;32;0.321053
c.ints.simple-set-1;student20;student33;32;0.411602
c.ints.simple-set-1;student20;student32;32;0.453039
c.ints.simple-set-1;student10;student32;32;0.320334
c.ints.simple-set-1;student1;student27;33;0.394336
c.ints.simple-set-1;student22;student12;33;0.24269
c.ints.simple-set-1;student31;student23;33;0.306667
c.ints.simple-set-1;student31;student4;33;0.29588
c.ints.simple-set-1;student27;student36;33;0.275797
c.ints.simple-set-1;student27;student37;33;0.275797
c.ints.simple-set-1;student5;student33;33;0.342246
c.ints.simple-set-1;student20;student34;33;0.433657
c.ints.simple-set-1;student17;student19;33;0.209125
c.ints.simple-set-1;student24;student23;33;0.394558
c.ints.simple-set-1;student30;student24;33;0.413793
c.ints.simple-set-1;student30;student25;33;0.413793
c.ints.simple-set-1;student21;student25;33;0.342679
c.ints.simple-set-1;student21;student24;33;0.342679
c.ints.simple-set-1;student9;student32;33;0.336735
c.ints.simple-set-1;student17;student32;33;0.210345
c.ints.simple-set-1;student29;student16;33;0.496032
c.ints.simple-set-1;student19;student34;33;0.356568
c.ints.simple-set-1;student23;student25;33;0.394558
c.ints.simple-set-1;student38;student37;33;0.590264
c.ints.simple-set-1;student39;student37;33;0.590264
c.ints.simple-set-1;student36;student39;33;0.588235
c.ints.simple-set-1;student36;student38;33;0.588235
c.ints.simple-set-1;student35;student33;33;0.507614
c.ints.simple-set-1;student28;student5;33;0.435484
c.ints.simple-set-1;student28;student20;33;0.410345
c.ints.simple-set-1;student28;student23;33;0.461783
c.ints.simple-set-1;student26;student35;33;0.451777
c.ints.simple-set-1;student17;student33;34;0.261538
c.ints.simple-set-1;student15;student28;34;0.416393
c.ints.simple-set-1;student17;student28;34;0.44186
c.ints.simple-set-1;student1;student29;34;0.176904
c.ints.simple-set-1;student29;student8;34;0.225989
c.ints.simple-set-1;student31;student11;34;0.299065
c.ints.simple-set-1;student30;student28;34;0.564263
c.ints.simple-set-1;student9;student34;34;0.346278
c.ints.simple-set-1;student31;student32;34;0.365155
c.ints.simple-set-1;student19;student32;34;0.433071
c.ints.simple-set-1;student28;student16;34;0.580524
c.ints.simple-set-1;student23;student32;34;0.346247
c.ints.simple-set-1;student26;student5;34;0.300771
c.ints.simple-set-1;student26;student14;34;0.408046
c.ints.simple-set-1;student26;student13;34;0.439776
c.ints.simple-set-1;student22;student31;34;0.427083
c.ints.simple-set-1;student22;student26;34;0.386059
c.ints.simple-set-1;student22;student32;34;0.339806
c.ints.simple-set-1;student15;student27;35;0.326437
c.ints.simple-set-1;student14;student29;35;0.271186
c.ints.simple-set-1;student18;student28;35;0.352584
c.ints.simple-set-1;student18;student34;35;0.363363
c.ints.simple-set-1;student30;student17;35;0.3829
c.ints.simple-set-1;student30;student27;35;0.368764
c.ints.simple-set-1;student13;student29;35;0.307167
c.ints.simple-set-1;student21;student32;35;0.357702
c.ints.simple-set-1;student24;student32;35;0.461538
c.ints.simple-set-1;student32;student25;35;0.461538
c.ints.simple-set-1;student32;student8;35;0.415423
c.ints.simple-set-1;student26;student2;35;0.319261
c.ints.simple-set-1;student26;student28;35;0.298387
c.ints.simple-set-1;student22;student10;35;0.3
c.ints.simple-set-1;student15;student33;36;0.328804
c.ints.simple-set-1;student31;student24;36;0.363924
c.ints.simple-set-1;student27;student16;36;0.278061
c.ints.simple-set-1;student27;student39;36;0.378431
c.ints.simple-set-1;student27;student38;36;0.378431
c.ints.simple-set-1;student10;student33;36;0.266667
c.ints.simple-set-1;student34;student5;36;0.409836
c.ints.simple-set-1;student29;student23;36;0.352941
c.ints.simple-set-1;student35;student20;36;0.332432
c.ints.simple-set-1;student11;student34;36;0.386441
c.ints.simple-set-1;student30;student10;36;0.323024
c.ints.simple-set-1;student30;student31;36;0.416452
c.ints.simple-set-1;student9;student31;36;0.29771
c.ints.simple-set-1;student22;student34;36;0.399038
c.ints.simple-set-1;student22;student17;36;0.216028
c.ints.simple-set-1;student30;student32;36;0.372549
c.ints.simple-set-1;student31;student35;36;0.479012
c.ints.simple-set-1;student31;student25;36;0.363924
c.ints.simple-set-1;student28;student32;36;0.262376
c.ints.simple-set-1;student28;student4;36;0.470588
c.ints.simple-set-1;student26;student25;36;0.396396
c.ints.simple-set-1;student26;student34;36;0.456
c.ints.simple-set-1;student26;student24;36;0.396396
c.ints.simple-set-1;student26;student1;36;0.467337
c.ints.simple-set-1;student22;student33;36;0.472149
c.ints.simple-set-1;student12;student34;37;0.316614
c.ints.simple-set-1;student12;student31;37;0.288401
c.ints.simple-set-1;student27;student24;37;0.330025
c.ints.simple-set-1;student27;student25;37;0.330025
c.ints.simple-set-1;student18;student33;37;0.392758
c.ints.simple-set-1;student2;student33;37;0.336815
c.ints.simple-set-1;student16;student33;37;0.331754
c.ints.simple-set-1;student28;student33;37;0.410658
c.ints.simple-set-1;student29;student33;37;0.273109
c.ints.simple-set-1;student14;student35;37;0.413158
c.ints.simple-set-1;student21;student35;37;0.392308
c.ints.simple-set-1;student26;student8;37;0.359043
c.ints.simple-set-1;student22;student35;37;0.402439
c.ints.simple-set-1;student26;student32;37;0.397059
c.ints.simple-set-1;student31;student3;38;0.254181
c.ints.simple-set-1;student15;student34;38;0.336088
c.ints.simple-set-1;student31;student17;38;0.235955
c.ints.simple-set-1;student1;student33;38;0.372449
c.ints.simple-set-1;student1;student34;38;0.353081
c.ints.simple-set-1;student27;student11;38;0.342298
c.ints.simple-set-1;student27;student29;38;0.172414
c.ints.simple-set-1;student27;student18;38;0.301402
c.ints.simple-set-1;student30;student23;38;0.396739
c.ints.simple-set-1;student21;student27;38;0.336406
c.ints.simple-set-1;student13;student28;38;0.309859
c.ints.simple-set-1;student13;student35;38;0.393701
c.ints.simple-set-1;student27;student32;38;0.376392
c.ints.simple-set-1;student8;student33;38;0.350649
c.ints.simple-set-1;student4;student33;38;0.355742
c.ints.simple-set-1;student32;student33;38;0.359036
c.ints.simple-set-1;student23;student33;38;0.345845
c.ints.simple-set-1;student34;student33;38;0.427778
c.ints.simple-set-1;student14;student33;38;0.508621
c.ints.simple-set-1;student3;student33;38;0.424501
c.ints.simple-set-1;student14;student28;38;0.33564
c.ints.simple-set-1;student29;student19;38;0.185751
c.ints.simple-set-1;student34;student10;38;0.383838
c.ints.simple-set-1;student19;student28;38;0.283465
c.ints.simple-set-1;student24;student28;38;0.39255
c.ints.simple-set-1;student11;student32;38;0.342105
c.ints.simple-set-1;student28;student25;38;0.393678
c.ints.simple-set-1;student35;student38;38;0.473094
c.ints.simple-set-1;student35;student39;38;0.473094
c.ints.simple-set-1;student26;student38;38;0.522523
c.ints.simple-set-1;student26;student39;38;0.522523
c.ints.simple-set-1;student25;student33;39;0.330247
c.ints.simple-set-1;student34;student2;39;0.458204
c.ints.simple-set-1;student3;student28;39;0.382456
c.ints.simple-set-1;student14;student34;39;0.324675
c.ints.simple-set-1;student28;student8;39;0.319783
c.ints.simple-set-1;student19;student39;39;0.34188
c.ints.simple-set-1;student19;student38;39;0.34188
c.ints.simple-set-1;student24;student33;39;0.330247
c.ints.simple-set-1;student30;student33;39;0.435484
c.ints.simple-set-1;student13;student33;39;0.431818
c.ints.simple-set-1;student13;student34;39;0.367213
c.ints.simple-set-1;student1;student35;39;0.369458
c.ints.simple-set-1;student24;student35;39;0.274566
c.ints.simple-set-1;student35;student25;39;0.274566
c.ints.simple-set-1;student35;student32;39;0.432432
c.ints.simple-set-1;student26;student4;39;0.3531
c.ints.simple-set-1;student26;student30;39;0.444444
c.ints.simple-set-1;student1;student39;40;0.378495
c.ints.simple-set-1;student1;student38;40;0.378495
c.ints.simple-set-1;student27;student40;40;0.40153
c.ints.simple-set-1;student34;student4;40;0.306502
c.ints.simple-set-1;student16;student34;40;0.370242
c.ints.simple-set-1;student35;student2;40;0.259887
c.ints.simple-set-1;student28;student36;40;0.353952
c.ints.simple-set-1;student28;student37;40;0.353952
c.ints.simple-set-1;student9;student27;40;0.301887
c.ints.simple-set-1;student21;student34;40;0.434375
c.ints.simple-set-1;student26;student3;40;0.306785
c.ints.simple-set-1;student26;student27;40;0.449244
c.ints.simple-set-1;student22;student29;40;0.196172
c.ints.simple-set-1;student27;student5;41;0.3706
c.ints.simple-set-1;student27;student14;41;0.285012
c.ints.simple-set-1;student13;student27;41;0.343137
c.ints.simple-set-1;student31;student10;41;0.273616
c.ints.simple-set-1;student27;student19;41;0.319058
c.ints.simple-set-1;student12;student27;41;0.289786
c.ints.simple-set-1;student22;student28;41;0.280193
c.ints.simple-set-1;student31;student39;41;0.275168
c.ints.simple-set-1;student31;student38;41;0.275168
c.ints.simple-set-1;student29;student32;41;0.191327
c.ints.simple-set-1;student28;student34;41;0.433898
c.ints.simple-set-1;student32;student41;41;0.28
c.ints.simple-set-1;student27;student20;42;0.308585
c.ints.simple-set-1;student27;student10;42;0.30303
c.ints.simple-set-1;student17;student34;42;0.337079
c.ints.simple-set-1;student29;student40;42;0.168421
c.ints.simple-set-1;student42;student28;42;0.314763
c.ints.simple-set-1;student40;student33;42;0.311983
c.ints.simple-set-1;student38;student2;42;0.25
c.ints.simple-set-1;student39;student2;42;0.25
c.ints.simple-set-1;student13;student39;43;0.338747
c.ints.simple-set-1;student13;student38;43;0.338747
c.ints.simple-set-1;student31;student28;43;0.24
c.ints.simple-set-1;student31;student29;43;0.203518
c.ints.simple-set-1;student31;student27;43;0.302663
c.ints.simple-set-1;student1;student43;43;0.28046
c.ints.simple-set-1;student30;student37;43;0.302703
c.ints.simple-set-1;student30;student36;43;0.302703
c.ints.simple-set-1;student30;student43;43;0.261438
c.ints.simple-set-1;student9;student35;43;0.235474
c.ints.simple-set-1;student27;student44;43;0.276256
c.ints.simple-set-1;student27;student17;43;0.243626
c.ints.simple-set-1;student27;student23;43;0.254237
c.ints.simple-set-1;student27;student4;43;0.284404
c.ints.simple-set-1;student27;student8;43;0.265393
c.ints.simple-set-1;student27;student33;43;0.335766
c.ints.simple-set-1;student43;student2;43;0.267108
c.ints.simple-set-1;student3;student34;43;0.362369
c.ints.simple-set-1;student11;student35;43;0.244957
c.ints.simple-set-1;student28;student39;43;0.247423
c.ints.simple-set-1;student28;student38;43;0.247423
c.ints.simple-set-1;student28;student41;43;0.314363
c.ints.simple-set-1;student24;student38;43;0.259804
c.ints.simple-set-1;student24;student39;43;0.259804
c.ints.simple-set-1;student24;student34;43;0.443038
c.ints.simple-set-1;student17;student35;43;0.20339
c.ints.simple-set-1;student14;student39;43;0.347222
c.ints.simple-set-1;student14;student38;43;0.347222
c.ints.simple-set-1;student34;student25;43;0.444444
c.ints.simple-set-1;student43;student32;43;0.375587
c.ints.simple-set-1;student39;student25;43;0.259804
c.ints.simple-set-1;student38;student25;43;0.259804
c.ints.simple-set-1;student26;student40;43;0.348008
c.ints.simple-set-1;student30;student34;44;0.459893
c.ints.simple-set-1;student27;student35;44;0.307018
c.ints.simple-set-1;student34;student8;44;0.289973
c.ints.simple-set-1;student35;student10;44;0.250765
c.ints.simple-set-1;student44;student23;44;0.311526
c.ints.simple-set-1;student26;student42;44;0.317333
c.ints.simple-set-1;student27;student3;45;0.28392
c.ints.simple-set-1;student27;student34;45;0.323467
c.ints.simple-set-1;student27;student41;45;0.262899
c.ints.simple-set-1;student29;student34;45;0.197436
c.ints.simple-set-1;student14;student43;45;0.346154
c.ints.simple-set-1;student22;student27;45;0.317328
c.ints.simple-set-1;student30;student38;45;0.26096
c.ints.simple-set-1;student30;student39;45;0.26096
c.ints.simple-set-1;student9;student40;45;0.264271
c.ints.simple-set-1;student15;student35;45;0.311392
c.ints.simple-set-1;student30;student35;45;0.328537
c.ints.simple-set-1;student12;student35;45;0.396078
c.ints.simple-set-1;student18;student35;45;0.335859
c.ints.simple-set-1;student18;student36;45;0.282258
c.ints.simple-set-1;student18;student37;45;0.282258
c.ints.simple-set-1;student2;student37;45;0.331325
c.ints.simple-set-1;student38;student4;45;0.243736
c.ints.simple-set-1;student39;student4;45;0.243736
c.ints.simple-set-1;student36;student2;45;0.328313
c.ints.simple-set-1;student32;student38;45;0.313305
c.ints.simple-set-1;student32;student39;45;0.313305
c.ints.simple-set-1;student35;student8;45;0.332524
c.ints.simple-set-1;student35;student40;45;0.371298
c.ints.simple-set-1;student44;student10;45;0.517928
c.ints.simple-set-1;student44;student28;45;0.408784
c.ints.simple-set-1;student11;student44;45;0.388693
c.ints.simple-set-1;student11;student36;45;0.299578
c.ints.simple-set-1;student11;student37;45;0.299578
c.ints.simple-set-1;student13;student43;46;0.35012
c.ints.simple-set-1;student17;student41;46;0.253644
c.ints.simple-set-1;student22;student39;46;0.309623
c.ints.simple-set-1;student22;student38;46;0.309623
c.ints.simple-set-1;student1;student36;46;0.254582
c.ints.simple-set-1;student1;student37;46;0.254582
c.ints.simple-set-1;student12;student40;46;0.326226
c.ints.simple-set-1;student42;student40;46;0.286334
c.ints.simple-set-1;student20;student40;46;0.281879
c.ints.simple-set-1;student10;student39;46;0.510288
c.ints.simple-set-1;student10;student38;46;0.510288
c.ints.simple-set-1;student40;student37;46;0.428
c.ints.simple-set-1;student38;student33;46;0.339956
c.ints.simple-set-1;student39;student33;46;0.339956
c.ints.simple-set-1;student36;student40;46;0.428
c.ints.simple-set-1;student35;student41;46;0.289604
c.ints.simple-set-1;student35;student23;46;0.316832
c.ints.simple-set-1;student44;student18;46;0.330275
c.ints.simple-set-1;student9;student44;46;0.497976
c.ints.simple-set-1;student21;student37;46;0.318885
c.ints.simple-set-1;student21;student40;46;0.298507
c.ints.simple-set-1;student21;student36;46;0.318885
c.ints.simple-set-1;student15;student43;47;0.290993
c.ints.simple-set-1;student17;student39;47;0.423423
c.ints.simple-set-1;student17;student38;47;0.423423
c.ints.simple-set-1;student17;student40;47;0.270531
c.ints.simple-set-1;student29;student36;47;0.186235
c.ints.simple-set-1;student29;student37;47;0.186235
c.ints.simple-set-1;student18;student43;47;0.257336
c.ints.simple-set-1;student28;student40;47;0.213552
c.ints.simple-set-1;student34;student39;47;0.258475
c.ints.simple-set-1;student34;student38;47;0.258475
c.ints.simple-set-1;student34;student41;47;0.301333
c.ints.simple-set-1;student10;student41;47;0.258486
c.ints.simple-set-1;student35;student4;47;0.223433
c.ints.simple-set-1;student35;student5;47;0.286385
c.ints.simple-set-1;student35;student34;47;0.299505
c.ints.simple-set-1;student44;student20;47;0.401384
c.ints.simple-set-1;student44;student19;47;0.25
c.ints.simple-set-1;student9;student37;47;0.216162
c.ints.simple-set-1;student9;student36;47;0.216162
c.ints.simple-set-1;student9;student42;47;0.364912
c.ints.simple-set-1;student43;student5;48;0.320093
c.ints.simple-set-1;student42;student20;48;0.341176
c.ints.simple-set-1;student12;student42;48;0.304348
c.ints.simple-set-1;student22;student43;48;0.32
c.ints.simple-set-1;student15;student39;48;0.334052
c.ints.simple-set-1;student15;student38;48;0.334052
c.ints.simple-set-1;student18;student39;48;0.310185
c.ints.simple-set-1;student18;student38;48;0.310185
c.ints.simple-set-1;student20;student41;48;0.298182
c.ints.simple-set-1;student34;student40;48;0.296813
c.ints.simple-set-1;student16;student37;48;0.217573
c.ints.simple-set-1;student16;student36;48;0.217573
c.ints.simple-set-1;student24;student41;48;0.293629
c.ints.simple-set-1;student30;student40;48;0.364026
c.ints.simple-set-1;student3;student35;48;0.360313
c.ints.simple-set-1;student3;student39;48;0.291667
c.ints.simple-set-1;student3;student38;48;0.291667
c.ints.simple-set-1;student14;student41;48;0.25
c.ints.simple-set-1;student41;student25;48;0.303867
c.ints.simple-set-1;student32;student40;48;0.334034
c.ints.simple-set-1;student21;student42;48;0.407625
c.ints.simple-set-1;student26;student37;48;0.244681
c.ints.simple-set-1;student26;student41;48;0.288
c.ints.simple-set-1;student26;student36;48;0.244681
c.ints.simple-set-1;student26;student44;48;0.339943
c.ints.simple-set-1;student27;student42;49;0.257282
c.ints.simple-set-1;student29;student42;49;0.297521
c.ints.simple-set-1;student13;student41;49;0.281633
c.ints.simple-set-1;student31;student43;49;0.334086
c.ints.simple-set-1;student12;student41;49;0.341463
c.ints.simple-set-1;student29;student39;49;0.313208
c.ints.simple-set-1;student29;student38;49;0.313208
c.ints.simple-set-1;student29;student41;49;0.289125
c.ints.simple-set-1;student42;student10;49;0.328413
c.ints.simple-set-1;student20;student43;49;0.34186
c.ints.simple-set-1;student19;student41;49;0.233244
c.ints.simple-set-1;student30;student42;49;0.322222
c.ints.simple-set-1;student9;student41;49;0.250653
c.ints.simple-set-1;student9;student38;49;0.366412
c.ints.simple-set-1;student9;student39;49;0.366412
c.ints.simple-set-1;student12;student44;49;0.377358
c.ints.simple-set-1;student28;student35;49;0.268844
c.ints.simple-set-1;student20;student39;49;0.273563
c.ints.simple-set-1;student20;student38;49;0.273563
c.ints.simple-set-1;student5;student37;49;0.320665
c.ints.simple-set-1;student4;student41;49;0.371191
c.ints.simple-set-1;student40;student2;49;0.229209
c.ints.simple-set-1;student32;student37;49;0.236897
c.ints.simple-set-1;student36;student5;49;0.320665
c.ints.simple-set-1;student23;student41;49;0.288462
c.ints.simple-set-1;student16;student43;49;0.169312
c.ints.simple-set-1;student35;student16;49;0.239482
c.ints.simple-set-1;student44;student34;49;0.355042
c.ints.simple-set-1;student11;student42;49;0.277174
c.ints.simple-set-1;student11;student40;49;0.407942
c.ints.simple-set-1;student21;student41;49;0.250814
c.ints.simple-set-1;student36;student32;49;0.238994
c.ints.simple-set-1;student15;student44;50;0.36014
c.ints.simple-set-1;student15;student40;50;0.284501
c.ints.simple-set-1;student1;student40;50;0.362348
c.ints.simple-set-1;student27;student43;50;0.247423
c.ints.simple-set-1;student3;student41;50;0.310627
c.ints.simple-set-1;student31;student40;50;0.311891
c.ints.simple-set-1;student34;student36;50;0.239819
c.ints.simple-set-1;student34;student37;50;0.239819
c.ints.simple-set-1;student10;student36;50;0.246377
c.ints.simple-set-1;student10;student37;50;0.246377
c.ints.simple-set-1;student5;student39;50;0.324561
c.ints.simple-set-1;student36;student8;50;0.184426
c.ints.simple-set-1;student43;student4;50;0.266355
c.ints.simple-set-1;student24;student43;50;0.246544
c.ints.simple-set-1;student30;student41;50;0.322222
c.ints.simple-set-1;student43;student25;50;0.246544
c.ints.simple-set-1;student5;student38;50;0.324561
c.ints.simple-set-1;student41;student2;50;0.273196
c.ints.simple-set-1;student37;student8;50;0.184426
c.ints.simple-set-1;student44;student17;50;0.361502
c.ints.simple-set-1;student11;student41;50;0.25066
c.ints.simple-set-1;student11;student39;50;0.37415
c.ints.simple-set-1;student11;student38;50;0.37415
c.ints.simple-set-1;student21;student44;50;0.28115
c.ints.simple-set-1;student42;student33;51;0.365651
c.ints.simple-set-1;student37;student33;51;0.246612
c.ints.simple-set-1;student41;student33;51;0.268617
c.ints.simple-set-1;student1;student41;51;0.286445
c.ints.simple-set-1;student3;student43;51;0.290094
c.ints.simple-set-1;student31;student41;51;0.321149
c.ints.simple-set-1;student22;student40;51;0.30083
c.ints.simple-set-1;student14;student36;51;0.232218
c.ints.simple-set-1;student14;student37;51;0.232218
c.ints.simple-set-1;student19;student43;51;0.337778
c.ints.simple-set-1;student20;student36;51;0.373802
c.ints.simple-set-1;student20;student37;51;0.373802
c.ints.simple-set-1;student41;student37;51;0.220165
c.ints.simple-set-1;student38;student8;51;0.302326
c.ints.simple-set-1;student39;student8;51;0.302326
c.ints.simple-set-1;student39;student40;51;0.427746
c.ints.simple-set-1;student38;student40;51;0.427746
c.ints.simple-set-1;student36;student33;51;0.246612
c.ints.simple-set-1;student36;student41;51;0.220165
c.ints.simple-set-1;student24;student37;51;0.298137
c.ints.simple-set-1;student24;student40;51;0.335586
c.ints.simple-set-1;student24;student36;51;0.298137
c.ints.simple-set-1;student30;student44;51;0.225806
c.ints.simple-set-1;student31;student44;51;0.296209
c.ints.simple-set-1;student31;student36;51;0.311518
c.ints.simple-set-1;student31;student37;51;0.311518
c.ints.simple-set-1;student36;student25;51;0.256674
c.ints.simple-set-1;student40;student25;51;0.334831
c.ints.simple-set-1;student37;student25;51;0.256674
c.ints.simple-set-1;student35;student43;51;0.338636
c.ints.simple-set-1;student44;student25;51;0.31003
c.ints.simple-set-1;student44;student16;51;0.448
c.ints.simple-set-1;student44;student29;51;0.348837
c.ints.simple-set-1;student44;student24;51;0.31003
c.ints.simple-set-1;student21;student38;51;0.306843
c.ints.simple-set-1;student21;student39;51;0.306843
c.ints.simple-set-1;student21;student43;51;0.294811
c.ints.simple-set-1;student5;student41;52;0.292191
c.ints.simple-set-1;student40;student8;52;0.325444
c.ints.simple-set-1;student40;student41;52;0.271003
c.ints.simple-set-1;student43;student33;52;0.326754
c.ints.simple-set-1;student31;student42;52;0.360526
c.ints.simple-set-1;student22;student41;52;0.275184
c.ints.simple-set-1;student22;student42;52;0.3125
c.ints.simple-set-1;student22;student44;52;0.25885
c.ints.simple-set-1;student22;student36;52;0.251256
c.ints.simple-set-1;student22;student37;52;0.251256
c.ints.simple-set-1;student13;student44;52;0.304029
c.ints.simple-set-1;student13;student36;52;0.233546
c.ints.simple-set-1;student13;student37;52;0.233546
c.ints.simple-set-1;student15;student36;52;0.144374
c.ints.simple-set-1;student15;student37;52;0.144374
c.ints.simple-set-1;student12;student39;52;0.339223
c.ints.simple-set-1;student12;student38;52;0.339223
c.ints.simple-set-1;student10;student40;52;0.265766
c.ints.simple-set-1;student43;student8;52;0.295711
c.ints.simple-set-1;student23;student39;52;0.214737
c.ints.simple-set-1;student23;student38;52;0.214737
c.ints.simple-set-1;student16;student40;52;0.403587
c.ints.simple-set-1;student16;student38;52;0.32
c.ints.simple-set-1;student16;student39;52;0.32
c.ints.simple-set-1;student35;student37;52;0.231144
c.ints.simple-set-1;student35;student36;52;0.231144
c.ints.simple-set-1;student44;student2;52;0.403333
c.ints.simple-set-1;student44;student41;52;0.261391
c.ints.simple-set-1;student44;student5;52;0.320755
c.ints.simple-set-1;student44;student14;52;0.312057
c.ints.simple-set-1;student9;student43;52;0.180828
c.ints.simple-set-1;student1;student42;53;0.265464
c.ints.simple-set-1;student13;student40;53;0.293722
c.ints.simple-set-1;student12;student43;53;0.278422
c.ints.simple-set-1;student17;student36;53;0.216738
c.ints.simple-set-1;student17;student37;53;0.216738
c.ints.simple-set-1;student45;student41;53;0.181658
c.ints.simple-set-1;student14;student40;53;0.29955
c.ints.simple-set-1;student29;student35;53;0.2
c.ints.simple-set-1;student42;student41;53;0.305177
c.ints.simple-set-1;student10;student43;53;0.260047
c.ints.simple-set-1;student43;student41;53;0.221024
c.ints.simple-set-1;student19;student36;53;0.32337
c.ints.simple-set-1;student19;student40;53;0.254697
c.ints.simple-set-1;student43;student39;53;0.32839
c.ints.simple-set-1;student43;student38;53;0.32839
c.ints.simple-set-1;student43;student40;53;0.338395
c.ints.simple-set-1;student4;student37;53;0.191489
c.ints.simple-set-1;student36;student4;53;0.191489
c.ints.simple-set-1;student16;student41;53;0.273973
c.ints.simple-set-1;student19;student37;53;0.32337
c.ints.simple-set-1;student42;student23;53;0.282051
c.ints.simple-set-1;student18;student40;53;0.31291
c.ints.simple-set-1;student44;student33;53;0.347458
c.ints.simple-set-1;student27;student45;54;0.262103
c.ints.simple-set-1;student45;student42;54;0.20531
c.ints.simple-set-1;student15;student41;54;0.288515
c.ints.simple-set-1;student1;student44;54;0.245652
c.ints.simple-set-1;student17;student43;54;0.186441
c.ints.simple-set-1;student18;student41;54;0.168421
c.ints.simple-set-1;student28;student43;54;0.220044
c.ints.simple-set-1;student11;student43;54;0.321995
c.ints.simple-set-1;student12;student36;54;0.21822
c.ints.simple-set-1;student12;student37;54;0.21822
c.ints.simple-set-1;student3;student36;54;0.201699
c.ints.simple-set-1;student3;student37;54;0.201699
c.ints.simple-set-1;student23;student36;54;0.228395
c.ints.simple-set-1;student23;student37;54;0.228395
c.ints.simple-set-1;student5;student40;54;0.295688
c.ints.simple-set-1;student44;student37;54;0.311804
c.ints.simple-set-1;student44;student36;54;0.311804
c.ints.simple-set-1;student26;student43;54;0.321185
c.ints.simple-set-1;student42;student5;55;0.352459
c.ints.simple-set-1;student42;student34;55;0.316216
c.ints.simple-set-1;student17;student42;55;0.226837
c.ints.simple-set-1;student45;student28;55;0.199234
c.ints.simple-set-1;student45;student36;55;0.174863
c.ints.simple-set-1;student45;student40;55;0.24957
c.ints.simple-set-1;student45;student37;55;0.174863
c.ints.simple-set-1;student42;student36;55;0.185859
c.ints.simple-set-1;student42;student37;55;0.185859
c.ints.simple-set-1;student34;student43;55;0.252232
c.ints.simple-set-1;student41;student8;55;0.23219
c.ints.simple-set-1;student44;student8;55;0.232719
c.ints.simple-set-1;student44;student32;55;0.240535
c.ints.simple-set-1;student43;student36;56;0.307851
c.ints.simple-set-1;student43;student37;56;0.307851
c.ints.simple-set-1;student23;student40;56;0.334426
c.ints.simple-set-1;student40;student4;56;0.294243
c.ints.simple-set-1;student44;student4;56;0.250859
c.ints.simple-set-1;student42;student2;57;0.310249
c.ints.simple-set-1;student42;student18;57;0.269341
c.ints.simple-set-1;student19;student42;57;0.255376
c.ints.simple-set-1;student14;student42;57;0.339339
c.ints.simple-set-1;student3;student42;57;0.343109
c.ints.simple-set-1;student22;student45;57;0.265125
c.ints.simple-set-1;student3;student40;57;0.262806
c.ints.simple-set-1;student44;student40;57;0.221154
c.ints.simple-set-1;student44;student38;57;0.266515
c.ints.simple-set-1;student44;student39;57;0.266515
c.ints.simple-set-1;student44;student35;57;0.248292
c.ints.simple-set-1;student44;student42;57;0.258228
c.ints.simple-set-1;student44;student3;57;0.288973
c.ints.simple-set-1;student42;student32;57;0.309711
c.ints.simple-set-1;student42;student4;57;0.289474
c.ints.simple-set-1;student42;student8;57;0.325
c.ints.simple-set-1;student38;student41;57;0.233696
c.ints.simple-set-1;student39;student41;57;0.233696
c.ints.simple-set-1;student43;student23;57;0.261641
c.ints.simple-set-1;student13;student42;58;0.342342
c.ints.simple-set-1;student29;student43;58;0.191209
c.ints.simple-set-1;student42;student16;58;0.36255
c.ints.simple-set-1;student24;student42;58;0.276471
c.ints.simple-set-1;student42;student25;58;0.276471
c.ints.simple-set-1;student15;student42;59;0.270115
c.ints.simple-set-1;student42;student35;59;0.251889
c.ints.simple-set-1;student42;student39;59;0.230444
c.ints.simple-set-1;student42;student38;59;0.230444
c.ints.simple-set-1;student21;student45;59;0.276316
c.ints.simple-set-1;student45;student34;60;0.197208
c.ints.simple-set-1;student44;student45;60;0.275184
c.ints.simple-set-1;student31;student45;60;0.209705
c.ints.simple-set-1;student30;student45;60;0.25777
c.ints.simple-set-1;student26;student45;60;0.253054
c.ints.simple-set-1;student45;student29;61;0.116838
c.ints.simple-set-1;student1;student45;61;0.203571
c.ints.simple-set-1;student45;student2;62;0.184859
c.ints.simple-set-1;student45;student5;62;0.267826
c.ints.simple-set-1;student45;student18;62;0.161597
c.ints.simple-set-1;student24;student45;62;0.157282
c.ints.simple-set-1;student45;student35;62;0.246324
c.ints.simple-set-1;student45;student20;62;0.20155
c.ints.simple-set-1;student45;student23;62;0.185965
c.ints.simple-set-1;student45;student25;62;0.157895
c.ints.simple-set-1;student17;student45;63;0.115646
c.ints.simple-set-1;student45;student8;63;0.219895
c.ints.simple-set-1;student12;student45;63;0.223077
c.ints.simple-set-1;student7;student34;63;0.436735
c.ints.simple-set-1;student9;student45;63;0.184061
c.ints.simple-set-1;student45;student33;64;0.221818
c.ints.simple-set-1;student15;student45;64;0.286232
c.ints.simple-set-1;student45;student14;64;0.172608
c.ints.simple-set-1;student13;student45;64;0.202627
c.ints.simple-set-1;student45;student19;64;0.218472
c.ints.simple-set-1;student45;student32;64;0.261404
c.ints.simple-set-1;student45;student10;65;0.138067
c.ints.simple-set-1;student45;student39;65;0.211314
c.ints.simple-set-1;student6;student34;65;0.439759
c.ints.simple-set-1;student45;student38;65;0.211314
c.ints.simple-set-1;student42;student43;65;0.248292
c.ints.simple-set-1;student3;student45;66;0.194118
c.ints.simple-set-1;student11;student45;66;0.157699
c.ints.simple-set-1;student22;student7;66;0.33557
c.ints.simple-set-1;student7;student44;66;0.321083
c.ints.simple-set-1;student45;student16;66;0.14693
c.ints.simple-set-1;student45;student4;66;0.192678
c.ints.simple-set-1;student44;student43;67;0.186916
c.ints.simple-set-1;student7;student31;67;0.408072
c.ints.simple-set-1;student45;student43;68;0.219739
c.ints.simple-set-1;student7;student40;68;0.337812
c.ints.simple-set-1;student6;student46;68;0.307927
c.ints.simple-set-1;student6;student44;68;0.32008
c.ints.simple-set-1;student7;student35;68;0.278049
c.ints.simple-set-1;student7;student37;69;0.265385
c.ints.simple-set-1;student7;student19;69;0.254642
c.ints.simple-set-1;student6;student31;69;0.406181
c.ints.simple-set-1;student6;student35;69;0.372796
c.ints.simple-set-1;student7;student36;69;0.265385
c.ints.simple-set-1;student7;student18;70;0.290735
c.ints.simple-set-1;student22;student6;70;0.358242
c.ints.simple-set-1;student46;student7;70;0.281583
c.ints.simple-set-1;student7;student33;71;0.315927
c.ints.simple-set-1;student7;student23;71;0.238845
c.ints.simple-set-1;student7;student43;71;0.239175
c.ints.simple-set-1;student6;student40;71;0.31286
c.ints.simple-set-1;student26;student7;71;0.361702
c.ints.simple-set-1;student7;student2;72;0.277174
c.ints.simple-set-1;student1;student7;72;0.352321
c.ints.simple-set-1;student7;student41;72;0.32294
c.ints.simple-set-1;student7;student20;72;0.226872
c.ints.simple-set-1;student7;student42;72;0.340116
c.ints.simple-set-1;student7;student11;72;0.253829
c.ints.simple-set-1;student7;student27;72;0.303502
c.ints.simple-set-1;student9;student7;72;0.258427
c.ints.simple-set-1;student6;student33;73;0.372396
c.ints.simple-set-1;student6;student37;73;0.260194
c.ints.simple-set-1;student6;student47;73;0.371134
c.ints.simple-set-1;student6;student18;73;0.3125
c.ints.simple-set-1;student6;student19;73;0.298969
c.ints.simple-set-1;student6;student36;73;0.260194
c.ints.simple-set-1;student21;student7;73;0.242424
c.ints.simple-set-1;student26;student6;73;0.410326
c.ints.simple-set-1;student7;student39;74;0.314066
c.ints.simple-set-1;student7;student10;74;0.333333
c.ints.simple-set-1;student6;student2;74;0.327177
c.ints.simple-set-1;student6;student23;74;0.282776
c.ints.simple-set-1;student6;student43;74;0.258
c.ints.simple-set-1;student6;student1;74;0.229084
c.ints.simple-set-1;student7;student38;74;0.314066
c.ints.simple-set-1;student30;student7;74;0.274354
c.ints.simple-set-1;student7;student28;75;0.315951
c.ints.simple-set-1;student7;student45;75;0.202303
c.ints.simple-set-1;student6;student41;75;0.359649
c.ints.simple-set-1;student6;student39;75;0.310139
c.ints.simple-set-1;student6;student20;75;0.227074
c.ints.simple-set-1;student6;student42;75;0.363897
c.ints.simple-set-1;student6;student38;75;0.310139
c.ints.simple-set-1;student7;student24;75;0.396226
c.ints.simple-set-1;student7;student32;75;0.266393
c.ints.simple-set-1;student7;student25;75;0.396226
c.ints.simple-set-1;student7;student14;76;0.263158
c.ints.simple-set-1;student6;student45;76;0.209571
c.ints.simple-set-1;student6;student11;76;0.25
c.ints.simple-set-1;student6;student30;76;0.375
c.ints.simple-set-1;student9;student6;76;0.300275
c.ints.simple-set-1;student48;student47;76;0.358792
c.ints.simple-set-1;student21;student6;76;0.235294
c.ints.simple-set-1;student6;student27;77;0.3
c.ints.simple-set-1;student13;student7;77;0.268698
c.ints.simple-set-1;student15;student7;77;0.267905
c.ints.simple-set-1;student6;student24;77;0.410658
c.ints.simple-set-1;student6;student32;77;0.304651
c.ints.simple-set-1;student6;student25;77;0.410658
c.ints.simple-set-1;student34;student49;78;0.265625
c.ints.simple-set-1;student7;student47;78;0.381034
c.ints.simple-set-1;student7;student5;78;0.30123
c.ints.simple-set-1;student7;student29;78;0.225532
c.ints.simple-set-1;student6;student10;78;0.304762
c.ints.simple-set-1;student46;student36;78;0.273077
c.ints.simple-set-1;student46;student37;78;0.273077
c.ints.simple-set-1;student7;student12;79;0.328488
c.ints.simple-set-1;student6;student28;79;0.281609
c.ints.simple-set-1;student46;student35;79;0.386243
c.ints.simple-set-1;student7;student16;79;0.328814
c.ints.simple-set-1;student48;student7;79;0.327869
c.ints.simple-set-1;student7;student17;80;0.362369
c.ints.simple-set-1;student6;student14;80;0.290698
c.ints.simple-set-1;student6;student50;80;0.259202
c.ints.simple-set-1;student13;student6;80;0.289855
c.ints.simple-set-1;student50;student7;80;0.276692
c.ints.simple-set-1;student48;student6;80;0.296748
c.ints.simple-set-1;student15;student6;81;0.296104
c.ints.simple-set-1;student50;student35;81;0.242424
c.ints.simple-set-1;student7;student8;81;0.237069
c.ints.simple-set-1;student46;student40;82;0.276458
c.ints.simple-set-1;student7;student49;82;0.224138
c.ints.simple-set-1;student6;student5;82;0.259875
c.ints.simple-set-1;student6;student16;82;0.323625
c.ints.simple-set-1;student46;student45;83;0.226148
c.ints.simple-set-1;student51;student49;83;0.263309
c.ints.simple-set-1;student7;student4;83;0.270893
c.ints.simple-set-1;student6;student29;83;0.218487
c.ints.simple-set-1;student6;student12;83;0.307471
c.ints.simple-set-1;student46;student42;84;0.174603
c.ints.simple-set-1;student7;student3;84;0.250755
c.ints.simple-set-1;student6;student8;84;0.230563
c.ints.simple-set-1;student6;student49;84;0.236301
c.ints.simple-set-1;student6;student17;84;0.263538
c.ints.simple-set-1;student7;student51;85;0.283721
c.ints.simple-set-1;student50;student31;85;0.222037
c.ints.simple-set-1;student50;student39;85;0.289764
c.ints.simple-set-1;student6;student51;85;0.264615
c.ints.simple-set-1;student50;student38;85;0.289764
c.ints.simple-set-1;student46;student34;85;0.194929
c.ints.simple-set-1;student46;student41;85;0.198997
c.ints.simple-set-1;student46;student51;86;0.280488
c.ints.simple-set-1;student50;student33;86;0.233937
c.ints.simple-set-1;student50;student34;87;0.212934
c.ints.simple-set-1;student50;student43;87;0.184887
c.ints.simple-set-1;student46;student31;87;0.371134
c.ints.simple-set-1;student46;student39;87;0.144817
c.ints.simple-set-1;student6;student4;87;0.271186
c.ints.simple-set-1;student6;student3;87;0.280597
c.ints.simple-set-1;student46;student38;87;0.144817
c.ints.simple-set-1;student26;student50;88;0.225649
c.ints.simple-set-1;student22;student46;88;0.2
c.ints.simple-set-1;student46;student33;89;0.18542
c.ints.simple-set-1;student50;student36;89;0.175379
c.ints.simple-set-1;student50;student40;89;0.23869
c.ints.simple-set-1;student50;student37;89;0.175379
c.ints.simple-set-1;student46;student44;89;0.171687
c.ints.simple-set-1;student48;student46;89;0.25239
c.ints.simple-set-1;student46;student27;90;0.174847
c.ints.simple-set-1;student46;student30;90;0.202147
c.ints.simple-set-1;student50;student46;91;0.298799
c.ints.simple-set-1;student46;student20;91;0.197125
c.ints.simple-set-1;student46;student43;91;0.288201
c.ints.simple-set-1;student44;student49;91;0.190972
c.ints.simple-set-1;student26;student46;91;0.344353
c.ints.simple-set-1;student50;student42;92;0.157393
c.ints.simple-set-1;student46;student23;92;0.156958
c.ints.simple-set-1;student48;student50;92;0.239683
c.ints.simple-set-1;student50;student19;93;0.216612
c.ints.simple-set-1;student48;student43;93;0.324597
c.ints.simple-set-1;student46;student32;93;0.182986
c.ints.simple-set-1;student50;student45;94;0.223926
c.ints.simple-set-1;student50;student44;94;0.187406
c.ints.simple-set-1;student46;student19;94;0.185714
c.ints.simple-set-1;student46;student28;94;0.223837
c.ints.simple-set-1;student46;student49;94;0.232897
c.ints.simple-set-1;student46;student47;94;0.2608
c.ints.simple-set-1;student46;student2;95;0.136578
c.ints.simple-set-1;student50;student27;95;0.205128
c.ints.simple-set-1;student50;student41;95;0.144
c.ints.simple-set-1;student46;student1;95;0.282723
c.ints.simple-set-1;student49;student40;95;0.219316
c.ints.simple-set-1;student21;student46;95;0.264479
c.ints.simple-set-1;student22;student50;95;0.1728
c.ints.simple-set-1;student50;student28;96;0.152276
c.ints.simple-set-1;student31;student49;96;0.245283
c.ints.simple-set-1;student49;student37;96;0.174603
c.ints.simple-set-1;student36;student49;96;0.174603
c.ints.simple-set-1;student35;student49;96;0.230024
c.ints.simple-set-1;student48;student40;96;0.301923
c.ints.simple-set-1;student48;student35;96;0.294695
c.ints.simple-set-1;student46;student18;97;0.251613
c.ints.simple-set-1;student45;student49;97;0.153959
c.ints.simple-set-1;student21;student50;97;0.171521
c.ints.simple-set-1;student50;student29;98;0.247881
c.ints.simple-set-1;student46;student11;98;0.322097
c.ints.simple-set-1;student46;student24;98;0.281437
c.ints.simple-set-1;student42;student49;98;0.248571
c.ints.simple-set-1;student9;student46;98;0.343066
c.ints.simple-set-1;student9;student50;98;0.168
c.ints.simple-set-1;student46;student25;98;0.281437
c.ints.simple-set-1;student50;student2;99;0.169782
c.ints.simple-set-1;student50;student1;99;0.176
c.ints.simple-set-1;student50;student20;99;0.183544
c.ints.simple-set-1;student50;student23;99;0.180645
c.ints.simple-set-1;student51;student35;99;0.181524
c.ints.simple-set-1;student51;student34;99;0.1849
c.ints.simple-set-1;student27;student49;99;0.264344
c.ints.simple-set-1;student49;student33;99;0.19163
c.ints.simple-set-1;student48;student33;99;0.277247
c.ints.simple-set-1;student50;student18;100;0.15748
c.ints.simple-set-1;student50;student30;100;0.169082
c.ints.simple-set-1;student50;student11;100;0.148438
c.ints.simple-set-1;student50;student10;100;0.177106
c.ints.simple-set-1;student49;student41;100;0.301105
c.ints.simple-set-1;student43;student47;100;0.274949
c.ints.simple-set-1;student48;student37;100;0.24502
c.ints.simple-set-1;student48;student36;100;0.24502
c.ints.simple-set-1;student48;student34;100;0.246679
c.ints.simple-set-1;student48;student31;100;0.248077
c.ints.simple-set-1;student50;student32;100;0.204437
c.ints.simple-set-1;student46;student14;100;0.21328
c.ints.simple-set-1;student26;student49;100;0.199105
c.ints.simple-set-1;student46;student5;101;0.189456
c.ints.simple-set-1;student15;student46;101;0.205202
c.ints.simple-set-1;student50;student49;101;0.205128
c.ints.simple-set-1;student13;student46;101;0.211881
c.ints.simple-set-1;student22;student49;101;0.201646
c.ints.simple-set-1;student46;student12;101;0.393382
c.ints.simple-set-1;student46;student16;101;0.224359
c.ints.simple-set-1;student46;student10;101;0.273109
c.ints.simple-set-1;student46;student8;101;0.201161
c.ints.simple-set-1;student51;student40;101;0.214502
c.ints.simple-set-1;student23;student49;101;0.223235
c.ints.simple-set-1;student50;student51;102;0.22406
c.ints.simple-set-1;student50;student24;102;0.170608
c.ints.simple-set-1;student50;student25;102;0.170608
c.ints.simple-set-1;student46;student17;102;0.257951
c.ints.simple-set-1;student46;student29;102;0.109546
c.ints.simple-set-1;student51;student47;102;0.315609
c.ints.simple-set-1;student49;student39;102;0.200828
c.ints.simple-set-1;student49;student38;102;0.200828
c.ints.simple-set-1;student32;student49;102;0.228145
c.ints.simple-set-1;student48;student38;102;0.247292
c.ints.simple-set-1;student48;student39;102;0.247292
c.ints.simple-set-1;student50;student12;103;0.160772
c.ints.simple-set-1;student48;student41;103;0.216092
c.ints.simple-set-1;student48;student42;103;0.233333
c.ints.simple-set-1;student48;student27;103;0.195298
c.ints.simple-set-1;student48;student32;103;0.263359
c.ints.simple-set-1;student50;student14;104;0.236364
c.ints.simple-set-1;student19;student49;104;0.169412
c.ints.simple-set-1;student48;student45;104;0.223485
c.ints.simple-set-1;student51;student45;105;0.203101
c.ints.simple-set-1;student18;student49;105;0.219858
c.ints.simple-set-1;student20;student49;105;0.275591
c.ints.simple-set-1;student28;student49;105;0.221649
c.ints.simple-set-1;student31;student51;105;0.184211
c.ints.simple-set-1;student50;student5;105;0.212833
c.ints.simple-set-1;student50;student47;105;0.255118
c.ints.simple-set-1;student49;student47;105;0.188312
c.ints.simple-set-1;student48;student51;105;0.251994
c.ints.simple-set-1;student13;student50;105;0.202062
c.ints.simple-set-1;student22;student48;105;0.225869
c.ints.simple-set-1;student15;student50;106;0.191626
c.ints.simple-set-1;student50;student17;106;0.169336
c.ints.simple-set-1;student46;student4;106;0.194915
c.ints.simple-set-1;student1;student49;106;0.163311
c.ints.simple-set-1;student51;student39;106;0.223529
c.ints.simple-set-1;student51;student38;106;0.223529
c.ints.simple-set-1;student43;student49;106;0.279018
c.ints.simple-set-1;student35;student47;106;0.214712
c.ints.simple-set-1;student9;student49;106;0.269542
c.ints.simple-set-1;student21;student49;106;0.289231
c.ints.simple-set-1;student49;student2;107;0.253521
c.ints.simple-set-1;student46;student3;107;0.145902
c.ints.simple-set-1;student50;student16;107;0.128814
c.ints.simple-set-1;student51;student36;107;0.243354
c.ints.simple-set-1;student51;student37;107;0.243354
c.ints.simple-set-1;student51;student33;107;0.17817
c.ints.simple-set-1;student29;student49;107;0.177083
c.ints.simple-set-1;student10;student49;107;0.287671
c.ints.simple-set-1;student30;student49;107;0.222467
c.ints.simple-set-1;student48;student19;107;0.254335
c.ints.simple-set-1;student26;student48;107;0.244701
c.ints.simple-set-1;student51;student42;108;0.169255
c.ints.simple-set-1;student50;student8;108;0.164516
c.ints.simple-set-1;student51;student41;108;0.275785
c.ints.simple-set-1;student11;student49;108;0.282192
c.ints.simple-set-1;student48;student49;108;0.251908
c.ints.simple-set-1;student48;student44;108;0.186047
c.ints.simple-set-1;student51;student43;109;0.166129
c.ints.simple-set-1;student24;student49;109;0.318182
c.ints.simple-set-1;student49;student25;109;0.318182
c.ints.simple-set-1;student39;student47;109;0.20367
c.ints.simple-set-1;student38;student47;109;0.20367
c.ints.simple-set-1;student48;student23;109;0.22824
c.ints.simple-set-1;student48;student30;109;0.232514
c.ints.simple-set-1;student22;student51;110;0.211009
c.ints.simple-set-1;student50;student4;110;0.158833
c.ints.simple-set-1;student51;student19;110;0.158385
c.ints.simple-set-1;student12;student49;110;0.244737
c.ints.simple-set-1;student34;student47;110;0.286477
c.ints.simple-set-1;student5;student49;110;0.175889
c.ints.simple-set-1;student48;student25;110;0.212581
c.ints.simple-set-1;student48;student2;110;0.176796
c.ints.simple-set-1;student48;student28;110;0.241843
c.ints.simple-set-1;student48;student24;110;0.212581
c.ints.simple-set-1;student48;student1;110;0.204981
c.ints.simple-set-1;student48;student9;110;0.21118
c.ints.simple-set-1;student51;student27;111;0.226244
c.ints.simple-set-1;student50;student3;111;0.212371
c.ints.simple-set-1;student48;student20;111;0.16849
c.ints.simple-set-1;student48;student18;111;0.162476
c.ints.simple-set-1;student21;student48;111;0.253876
c.ints.simple-set-1;student51;student32;111;0.222222
c.ints.simple-set-1;student41;student47;111;0.241611
c.ints.simple-set-1;student15;student49;112;0.204176
c.ints.simple-set-1;student51;student44;112;0.215719
c.ints.simple-set-1;student51;student23;112;0.178218
c.ints.simple-set-1;student47;student33;112;0.222222
c.ints.simple-set-1;student47;student37;112;0.299389
c.ints.simple-set-1;student36;student47;112;0.299389
c.ints.simple-set-1;student16;student49;112;0.275568
c.ints.simple-set-1;student44;student47;112;0.224959
c.ints.simple-set-1;student17;student49;113;0.304734
c.ints.simple-set-1;student14;student49;113;0.190244
c.ints.simple-set-1;student13;student49;113;0.196078
c.ints.simple-set-1;student40;student47;113;0.272031
c.ints.simple-set-1;student32;student47;113;0.234615
c.ints.simple-set-1;student48;student10;113;0.189845
c.ints.simple-set-1;student26;student51;113;0.147673
c.ints.simple-set-1;student31;student47;114;0.239209
c.ints.simple-set-1;student49;student4;114;0.247813
c.ints.simple-set-1;student49;student8;114;0.114679
c.ints.simple-set-1;student48;student11;114;0.168242
c.ints.simple-set-1;student51;student2;115;0.180328
c.ints.simple-set-1;student51;student18;115;0.16805
c.ints.simple-set-1;student1;student51;115;0.192188
c.ints.simple-set-1;student51;student24;115;0.180258
c.ints.simple-set-1;student30;student51;115;0.183962
c.ints.simple-set-1;student51;student25;115;0.180258
c.ints.simple-set-1;student48;student5;115;0.216475
c.ints.simple-set-1;student22;student47;115;0.242315
c.ints.simple-set-1;student48;student16;115;0.340708
c.ints.simple-set-1;student48;student12;115;0.224176
c.ints.simple-set-1;student3;student49;116;0.248082
c.ints.simple-set-1;student45;student47;116;0.175221
c.ints.simple-set-1;student42;student47;116;0.202847
c.ints.simple-set-1;student48;student29;116;0.168207
c.ints.simple-set-1;student48;student14;116;0.219512
c.ints.simple-set-1;student48;student15;116;0.250965
c.ints.simple-set-1;student13;student48;116;0.21501
c.ints.simple-set-1;student48;student8;117;0.192817
c.ints.simple-set-1;student21;student51;117;0.186228
c.ints.simple-set-1;student51;student28;118;0.163859
c.ints.simple-set-1;student51;student20;118;0.153125
c.ints.simple-set-1;student24;student47;118;0.258929
c.ints.simple-set-1;student9;student51;118;0.130233
c.ints.simple-set-1;student47;student25;118;0.258929
c.ints.simple-set-1;student48;student17;118;0.183824
c.ints.simple-set-1;student46;student52;119;0.25889
c.ints.simple-set-1;student51;student11;119;0.177083
c.ints.simple-set-1;student51;student14;119;0.150327
c.ints.simple-set-1;student51;student8;119;0.189681
c.ints.simple-set-1;student52;student47;119;0.234519
c.ints.simple-set-1;student48;student52;119;0.282913
c.ints.simple-set-1;student13;student51;119;0.196544
c.ints.simple-set-1;student27;student47;120;0.154955
c.ints.simple-set-1;student30;student47;120;0.166348
c.ints.simple-set-1;student48;student4;120;0.186695
c.ints.simple-set-1;student48;student3;120;0.175281
c.ints.simple-set-1;student7;student52;121;0.253333
c.ints.simple-set-1;student6;student52;121;0.242667
c.ints.simple-set-1;student15;student51;121;0.164869
c.ints.simple-set-1;student51;student16;121;0.180974
c.ints.simple-set-1;student19;student47;121;0.200375
c.ints.simple-set-1;student18;student47;121;0.270517
c.ints.simple-set-1;student10;student47;121;0.22049
c.ints.simple-set-1;student23;student47;121;0.178082
c.ints.simple-set-1;student26;student47;121;0.206434
c.ints.simple-set-1;student51;student29;122;0.124394
c.ints.simple-set-1;student51;student10;122;0.16408
c.ints.simple-set-1;student9;student47;122;0.188797
c.ints.simple-set-1;student51;student5;123;0.16124
c.ints.simple-set-1;student1;student47;123;0.179537
c.ints.simple-set-1;student2;student47;123;0.254902
c.ints.simple-set-1;student51;student17;124;0.185751
c.ints.simple-set-1;student12;student51;124;0.169279
c.ints.simple-set-1;student14;student47;124;0.166311
c.ints.simple-set-1;student51;student52;125;0.225166
c.ints.simple-set-1;student13;student47;125;0.165957
c.ints.simple-set-1;student28;student47;125;0.197034
c.ints.simple-set-1;student20;student47;125;0.180828
c.ints.simple-set-1;student21;student47;125;0.20122
c.ints.simple-set-1;student47;student8;126;0.200385
c.ints.simple-set-1;student11;student47;126;0.210526
c.ints.simple-set-1;student50;student52;127;0.22237
c.ints.simple-set-1;student51;student4;127;0.161085
c.ints.simple-set-1;student52;student49;127;0.212828
c.ints.simple-set-1;student17;student47;128;0.201531
c.ints.simple-set-1;student5;student47;128;0.189189
c.ints.simple-set-1;student51;student3;129;0.14823
c.ints.simple-set-1;student15;student47;129;0.162698
c.ints.simple-set-1;student12;student47;129;0.20911
c.ints.simple-set-1;student16;student47;129;0.138544
c.ints.simple-set-1;student3;student47;130;0.161074
c.ints.simple-set-1;student29;student47;130;0.135043
c.ints.simple-set-1;student4;student47;130;0.162105
c.ints.simple-set-1;student52;student43;133;0.202532
c.ints.simple-set-1;student52;student36;135;0.189189
c.ints.simple-set-1;student52;student37;135;0.189189
c.ints.simple-set-1;student52;student39;137;0.214888
c.ints.simple-set-1;student52;student38;137;0.214888
c.ints.simple-set-1;student45;student52;138;0.176152
c.ints.simple-set-1;student52;student35;140;0.240188
c.ints.simple-set-1;student52;student40;141;0.218878
c.ints.simple-set-1;student27;student52;144;0.239398
c.ints.simple-set-1;student42;student52;144;0.170799
c.ints.simple-set-1;student52;student41;144;0.176174
c.ints.simple-set-1;student52;student34;145;0.26556
c.ints.simple-set-1;student44;student52;146;0.199723
c.ints.simple-set-1;student52;student33;149;0.204651
c.ints.simple-set-1;student31;student52;149;0.203488
c.ints.simple-set-1;student22;student52;149;0.236953
c.ints.simple-set-1;student52;student32;150;0.218391
c.ints.simple-set-1;student19;student52;152;0.202683
c.ints.simple-set-1;student24;student52;152;0.217317
c.ints.simple-set-1;student30;student52;152;0.193457
c.ints.simple-set-1;student52;student25;152;0.225042
c.ints.simple-set-1;student18;student52;154;0.170418
c.ints.simple-set-1;student52;student2;154;0.162939
c.ints.simple-set-1;student1;student52;154;0.178042
c.ints.simple-set-1;student26;student52;154;0.209779
c.ints.simple-set-1;student52;student28;157;0.191877
c.ints.simple-set-1;student9;student52;158;0.181518
c.ints.simple-set-1;student52;student20;159;0.17965
c.ints.simple-set-1;student52;student23;159;0.199708
c.ints.simple-set-1;student52;student8;159;0.160059
c.ints.simple-set-1;student11;student52;159;0.206731
c.ints.simple-set-1;student21;student52;159;0.156028
c.ints.simple-set-1;student14;student52;160;0.177706
c.ints.simple-set-1;student15;student52;160;0.163492
c.ints.simple-set-1;student13;student52;160;0.177994
c.ints.simple-set-1;student52;student16;160;0.165247
c.ints.simple-set-1;student52;student10;160;0.194958
c.ints.simple-set-1;student52;student5;162;0.225936
c.ints.simple-set-1;student29;student52;162;0.190131
c.ints.simple-set-1;student17;student52;165;0.163964
c.ints.simple-set-1;student12;student52;165;0.191176
c.ints.simple-set-1;student52;student4;166;0.151463
c.ints.simple-set-1;student3;student52;169;0.127063
