c.strings.mystrspccmp-1;student1;student2;0;0.993865
c.strings.mystrspccmp-1;student1;student3;0;0.93865
c.strings.mystrspccmp-1;student1;student4;0;0.93865
c.strings.mystrspccmp-1;student2;student4;0;0.944444
c.strings.mystrspccmp-1;student3;student4;0;1.0
c.strings.mystrspccmp-1;student3;student2;0;0.944444
c.strings.mystrspccmp-1;student5;student4;0;0.950311
c.strings.mystrspccmp-1;student5;student2;0;0.993827
c.strings.mystrspccmp-1;student5;student3;0;0.950311
c.strings.mystrspccmp-1;student5;student1;0;0.98773
c.strings.mystrspccmp-1;student6;student4;0;1.0
c.strings.mystrspccmp-1;student6;student2;0;0.944444
c.strings.mystrspccmp-1;student6;student1;0;0.93865
c.strings.mystrspccmp-1;student6;student5;0;0.950311
c.strings.mystrspccmp-1;student1;student7;1;0.990798
c.strings.mystrspccmp-1;student7;student4;1;0.941358
c.strings.mystrspccmp-1;student7;student2;1;0.978395
c.strings.mystrspccmp-1;student7;student3;1;0.941358
c.strings.mystrspccmp-1;student5;student7;1;0.990741
c.strings.mystrspccmp-1;student6;student7;1;0.941358
c.strings.mystrspccmp-1;student6;student8;11;0.855615
c.strings.mystrspccmp-1;student5;student8;11;0.892958
c.strings.mystrspccmp-1;student1;student8;11;0.883008
c.strings.mystrspccmp-1;student8;student4;11;0.84507
c.strings.mystrspccmp-1;student8;student2;11;0.885154
c.strings.mystrspccmp-1;student3;student8;11;0.855615
c.strings.mystrspccmp-1;student9;student2;12;0.872024
c.strings.mystrspccmp-1;student1;student9;12;0.866864
c.strings.mystrspccmp-1;student9;student4;12;0.92236
c.strings.mystrspccmp-1;student3;student9;12;0.92236
c.strings.mystrspccmp-1;student5;student9;12;0.877245
c.strings.mystrspccmp-1;student6;student9;12;0.92236
c.strings.mystrspccmp-1;student7;student8;12;0.885154
c.strings.mystrspccmp-1;student7;student9;13;0.869048
c.strings.mystrspccmp-1;student10;student11;14;0.802661
c.strings.mystrspccmp-1;student12;student11;14;0.802661
c.strings.mystrspccmp-1;student13;student14;15;0.77193
c.strings.mystrspccmp-1;student15;student4;16;0.697059
c.strings.mystrspccmp-1;student15;student2;16;0.777108
c.strings.mystrspccmp-1;student15;student3;16;0.644986
c.strings.mystrspccmp-1;student15;student1;16;0.81982
c.strings.mystrspccmp-1;student6;student16;16;0.63369
c.strings.mystrspccmp-1;student6;student15;16;0.63369
c.strings.mystrspccmp-1;student5;student15;16;0.768769
c.strings.mystrspccmp-1;student16;student4;16;0.697059
c.strings.mystrspccmp-1;student16;student2;16;0.777108
c.strings.mystrspccmp-1;student16;student3;16;0.644986
c.strings.mystrspccmp-1;student16;student1;16;0.81982
c.strings.mystrspccmp-1;student16;student5;16;0.768769
c.strings.mystrspccmp-1;student9;student8;17;0.827298
c.strings.mystrspccmp-1;student15;student7;17;0.777778
c.strings.mystrspccmp-1;student16;student7;17;0.777778
c.strings.mystrspccmp-1;student17;student9;18;0.788204
c.strings.mystrspccmp-1;student13;student18;18;0.774086
c.strings.mystrspccmp-1;student6;student19;19;0.693642
c.strings.mystrspccmp-1;student6;student20;19;0.693642
c.strings.mystrspccmp-1;student5;student19;19;0.680723
c.strings.mystrspccmp-1;student5;student20;19;0.680723
c.strings.mystrspccmp-1;student1;student20;19;0.672619
c.strings.mystrspccmp-1;student3;student20;19;0.693642
c.strings.mystrspccmp-1;student2;student20;19;0.676647
c.strings.mystrspccmp-1;student4;student20;19;0.688073
c.strings.mystrspccmp-1;student19;student4;19;0.685976
c.strings.mystrspccmp-1;student19;student2;19;0.676647
c.strings.mystrspccmp-1;student19;student3;19;0.691643
c.strings.mystrspccmp-1;student19;student1;19;0.672619
c.strings.mystrspccmp-1;student17;student21;20;0.710074
c.strings.mystrspccmp-1;student7;student20;20;0.673653
c.strings.mystrspccmp-1;student8;student11;20;0.738
c.strings.mystrspccmp-1;student19;student7;20;0.673653
c.strings.mystrspccmp-1;student13;student2;21;0.518325
c.strings.mystrspccmp-1;student13;student1;21;0.515625
c.strings.mystrspccmp-1;student13;student5;21;0.521053
c.strings.mystrspccmp-1;student13;student7;21;0.535714
c.strings.mystrspccmp-1;student13;student3;21;0.669753
c.strings.mystrspccmp-1;student13;student4;21;0.669753
c.strings.mystrspccmp-1;student6;student13;21;0.679128
c.strings.mystrspccmp-1;student22;student23;21;0.712919
c.strings.mystrspccmp-1;student23;student20;21;0.677165
c.strings.mystrspccmp-1;student24;student23;21;0.711217
c.strings.mystrspccmp-1;student19;student23;21;0.688654
c.strings.mystrspccmp-1;student15;student8;22;0.708145
c.strings.mystrspccmp-1;student16;student8;22;0.708145
c.strings.mystrspccmp-1;student17;student1;23;0.78125
c.strings.mystrspccmp-1;student17;student2;23;0.78534
c.strings.mystrspccmp-1;student5;student17;23;0.790026
c.strings.mystrspccmp-1;student6;student17;23;0.755968
c.strings.mystrspccmp-1;student25;student26;23;0.790409
c.strings.mystrspccmp-1;student25;student27;23;0.790409
c.strings.mystrspccmp-1;student17;student7;23;0.78534
c.strings.mystrspccmp-1;student17;student3;23;0.75
c.strings.mystrspccmp-1;student17;student4;23;0.75
c.strings.mystrspccmp-1;student21;student9;24;0.737569
c.strings.mystrspccmp-1;student6;student14;24;0.657825
c.strings.mystrspccmp-1;student18;student19;24;0.672619
c.strings.mystrspccmp-1;student18;student20;24;0.672619
c.strings.mystrspccmp-1;student5;student14;24;0.669421
c.strings.mystrspccmp-1;student1;student14;24;0.662125
c.strings.mystrspccmp-1;student14;student4;24;0.633609
c.strings.mystrspccmp-1;student14;student2;24;0.665753
c.strings.mystrspccmp-1;student14;student3;24;0.651832
c.strings.mystrspccmp-1;student14;student7;24;0.665753
c.strings.mystrspccmp-1;student22;student28;25;0.58658
c.strings.mystrspccmp-1;student24;student28;25;0.588745
c.strings.mystrspccmp-1;student29;student21;25;0.724311
c.strings.mystrspccmp-1;student17;student8;25;0.773196
c.strings.mystrspccmp-1;student18;student5;26;0.635015
c.strings.mystrspccmp-1;student18;student1;26;0.631268
c.strings.mystrspccmp-1;student9;student20;26;0.645455
c.strings.mystrspccmp-1;student23;student28;26;0.638767
c.strings.mystrspccmp-1;student15;student9;26;0.67359
c.strings.mystrspccmp-1;student19;student9;26;0.645455
c.strings.mystrspccmp-1;student16;student9;26;0.67359
c.strings.mystrspccmp-1;student6;student18;26;0.668622
c.strings.mystrspccmp-1;student13;student19;26;0.680251
c.strings.mystrspccmp-1;student13;student20;26;0.680251
c.strings.mystrspccmp-1;student18;student14;26;0.623978
c.strings.mystrspccmp-1;student18;student3;26;0.675516
c.strings.mystrspccmp-1;student18;student2;26;0.635015
c.strings.mystrspccmp-1;student18;student4;26;0.661442
c.strings.mystrspccmp-1;student18;student7;27;0.635015
c.strings.mystrspccmp-1;student8;student20;27;0.684073
c.strings.mystrspccmp-1;student19;student8;27;0.687664
c.strings.mystrspccmp-1;student18;student23;28;0.42069
c.strings.mystrspccmp-1;student9;student28;28;0.591045
c.strings.mystrspccmp-1;student29;student17;28;0.636364
c.strings.mystrspccmp-1;student13;student9;28;0.635542
c.strings.mystrspccmp-1;student13;student8;28;0.476071
c.strings.mystrspccmp-1;student14;student8;28;0.657767
c.strings.mystrspccmp-1;student14;student20;28;0.571429
c.strings.mystrspccmp-1;student19;student14;28;0.571429
c.strings.mystrspccmp-1;student21;student28;29;0.690949
c.strings.mystrspccmp-1;student14;student23;29;0.59466
c.strings.mystrspccmp-1;student29;student19;29;0.647215
c.strings.mystrspccmp-1;student29;student20;29;0.647215
c.strings.mystrspccmp-1;student1;student10;30;0.72155
c.strings.mystrspccmp-1;student5;student10;30;0.711864
c.strings.mystrspccmp-1;student5;student12;30;0.711864
c.strings.mystrspccmp-1;student5;student28;30;0.641791
c.strings.mystrspccmp-1;student5;student11;30;0.558242
c.strings.mystrspccmp-1;student1;student28;30;0.640118
c.strings.mystrspccmp-1;student1;student11;30;0.641553
c.strings.mystrspccmp-1;student11;student4;30;0.577626
c.strings.mystrspccmp-1;student11;student2;30;0.513158
c.strings.mystrspccmp-1;student28;student4;30;0.608434
c.strings.mystrspccmp-1;student28;student2;30;0.643917
c.strings.mystrspccmp-1;student10;student4;30;0.73183
c.strings.mystrspccmp-1;student10;student2;30;0.714286
c.strings.mystrspccmp-1;student7;student10;30;0.716707
c.strings.mystrspccmp-1;student7;student11;30;0.636986
c.strings.mystrspccmp-1;student3;student10;30;0.746412
c.strings.mystrspccmp-1;student3;student28;30;0.682353
c.strings.mystrspccmp-1;student3;student11;30;0.613537
c.strings.mystrspccmp-1;student14;student9;30;0.604336
c.strings.mystrspccmp-1;student12;student4;30;0.73183
c.strings.mystrspccmp-1;student12;student2;30;0.714286
c.strings.mystrspccmp-1;student12;student3;30;0.744019
c.strings.mystrspccmp-1;student12;student7;30;0.714286
c.strings.mystrspccmp-1;student12;student1;30;0.719128
c.strings.mystrspccmp-1;student29;student9;30;0.654054
c.strings.mystrspccmp-1;student6;student11;30;0.613537
c.strings.mystrspccmp-1;student6;student10;30;0.746412
c.strings.mystrspccmp-1;student6;student12;30;0.746412
c.strings.mystrspccmp-1;student6;student28;30;0.682353
c.strings.mystrspccmp-1;student13;student24;30;0.582555
c.strings.mystrspccmp-1;student13;student22;30;0.584375
c.strings.mystrspccmp-1;student13;student23;30;0.344221
c.strings.mystrspccmp-1;student17;student19;30;0.614173
c.strings.mystrspccmp-1;student17;student20;30;0.614173
c.strings.mystrspccmp-1;student22;student20;30;0.484778
c.strings.mystrspccmp-1;student24;student20;30;0.483645
c.strings.mystrspccmp-1;student19;student22;30;0.616162
c.strings.mystrspccmp-1;student19;student24;30;0.61461
c.strings.mystrspccmp-1;student30;student21;30;0.736842
c.strings.mystrspccmp-1;student21;student31;30;0.73516
c.strings.mystrspccmp-1;student6;student21;31;0.71875
c.strings.mystrspccmp-1;student7;student28;31;0.64095
c.strings.mystrspccmp-1;student29;student28;31;0.686916
c.strings.mystrspccmp-1;student29;student30;31;0.700696
c.strings.mystrspccmp-1;student29;student31;31;0.700696
c.strings.mystrspccmp-1;student5;student21;31;0.676471
c.strings.mystrspccmp-1;student17;student14;31;0.529412
c.strings.mystrspccmp-1;student17;student28;31;0.642032
c.strings.mystrspccmp-1;student12;student8;31;0.697572
c.strings.mystrspccmp-1;student1;student21;31;0.672872
c.strings.mystrspccmp-1;student3;student21;31;0.71875
c.strings.mystrspccmp-1;student10;student8;31;0.697572
c.strings.mystrspccmp-1;student21;student4;31;0.689189
c.strings.mystrspccmp-1;student21;student2;31;0.639037
c.strings.mystrspccmp-1;student6;student23;32;0.520482
c.strings.mystrspccmp-1;student5;student23;32;0.624324
c.strings.mystrspccmp-1;student1;student23;32;0.622995
c.strings.mystrspccmp-1;student23;student4;32;0.501259
c.strings.mystrspccmp-1;student23;student2;32;0.624665
c.strings.mystrspccmp-1;student7;student21;32;0.676471
c.strings.mystrspccmp-1;student7;student23;32;0.626344
c.strings.mystrspccmp-1;student3;student23;32;0.520482
c.strings.mystrspccmp-1;student17;student32;33;0.677419
c.strings.mystrspccmp-1;student9;student10;33;0.714286
c.strings.mystrspccmp-1;student9;student11;33;0.591928
c.strings.mystrspccmp-1;student29;student4;33;0.625668
c.strings.mystrspccmp-1;student29;student2;33;0.648936
c.strings.mystrspccmp-1;student29;student23;33;0.64
c.strings.mystrspccmp-1;student29;student3;33;0.633588
c.strings.mystrspccmp-1;student29;student7;33;0.648936
c.strings.mystrspccmp-1;student29;student1;33;0.645503
c.strings.mystrspccmp-1;student29;student5;33;0.647059
c.strings.mystrspccmp-1;student6;student29;33;0.645244
c.strings.mystrspccmp-1;student13;student16;33;0.495845
c.strings.mystrspccmp-1;student13;student15;33;0.495845
c.strings.mystrspccmp-1;student25;student8;33;0.756487
c.strings.mystrspccmp-1;student28;student20;33;0.489933
c.strings.mystrspccmp-1;student19;student28;33;0.489933
c.strings.mystrspccmp-1;student12;student9;33;0.711823
c.strings.mystrspccmp-1;student9;student32;34;0.674863
c.strings.mystrspccmp-1;student18;student9;34;0.622356
c.strings.mystrspccmp-1;student33;student34;34;0.639113
c.strings.mystrspccmp-1;student31;student4;34;0.394209
c.strings.mystrspccmp-1;student31;student2;34;0.715663
c.strings.mystrspccmp-1;student6;student30;34;0.727273
c.strings.mystrspccmp-1;student6;student31;34;0.727273
c.strings.mystrspccmp-1;student13;student21;34;0.490909
c.strings.mystrspccmp-1;student5;student30;34;0.745146
c.strings.mystrspccmp-1;student5;student31;34;0.745146
c.strings.mystrspccmp-1;student17;student15;34;0.712
c.strings.mystrspccmp-1;student19;student15;34;0.462567
c.strings.mystrspccmp-1;student1;student30;34;0.742788
c.strings.mystrspccmp-1;student1;student31;34;0.742788
c.strings.mystrspccmp-1;student30;student4;34;0.394209
c.strings.mystrspccmp-1;student30;student2;34;0.715663
c.strings.mystrspccmp-1;student30;student9;34;0.379386
c.strings.mystrspccmp-1;student30;student3;34;0.418803
c.strings.mystrspccmp-1;student3;student31;34;0.727273
c.strings.mystrspccmp-1;student21;student8;34;0.675234
c.strings.mystrspccmp-1;student9;student31;34;0.709756
c.strings.mystrspccmp-1;student15;student20;34;0.462567
c.strings.mystrspccmp-1;student16;student20;34;0.462567
c.strings.mystrspccmp-1;student16;student19;34;0.462567
c.strings.mystrspccmp-1;student16;student17;34;0.713904
c.strings.mystrspccmp-1;student8;student28;35;0.676856
c.strings.mystrspccmp-1;student21;student32;35;0.653659
c.strings.mystrspccmp-1;student30;student27;35;0.708835
c.strings.mystrspccmp-1;student30;student7;35;0.713253
c.strings.mystrspccmp-1;student30;student26;35;0.708835
c.strings.mystrspccmp-1;student26;student31;35;0.707415
c.strings.mystrspccmp-1;student14;student24;35;0.622328
c.strings.mystrspccmp-1;student14;student22;35;0.62381
c.strings.mystrspccmp-1;student7;student31;35;0.743961
c.strings.mystrspccmp-1;student27;student31;35;0.707415
c.strings.mystrspccmp-1;student17;student11;36;0.532909
c.strings.mystrspccmp-1;student15;student11;36;0.488722
c.strings.mystrspccmp-1;student15;student28;36;0.457661
c.strings.mystrspccmp-1;student15;student21;36;0.476596
c.strings.mystrspccmp-1;student16;student11;36;0.488722
c.strings.mystrspccmp-1;student16;student28;36;0.457661
c.strings.mystrspccmp-1;student29;student8;36;0.644608
c.strings.mystrspccmp-1;student18;student24;36;0.41452
c.strings.mystrspccmp-1;student18;student21;36;0.468085
c.strings.mystrspccmp-1;student18;student22;36;0.415493
c.strings.mystrspccmp-1;student18;student8;36;0.416667
c.strings.mystrspccmp-1;student16;student21;36;0.476596
c.strings.mystrspccmp-1;student18;student17;37;0.372881
c.strings.mystrspccmp-1;student13;student17;37;0.438849
c.strings.mystrspccmp-1;student13;student28;37;0.458824
c.strings.mystrspccmp-1;student25;student11;37;0.499083
c.strings.mystrspccmp-1;student32;student28;37;0.612613
c.strings.mystrspccmp-1;student31;student28;37;0.676923
c.strings.mystrspccmp-1;student14;student21;37;0.612745
c.strings.mystrspccmp-1;student30;student28;37;0.676923
c.strings.mystrspccmp-1;student15;student31;37;0.536534
c.strings.mystrspccmp-1;student15;student30;37;0.536534
c.strings.mystrspccmp-1;student16;student31;37;0.536534
c.strings.mystrspccmp-1;student16;student30;37;0.536534
c.strings.mystrspccmp-1;student32;student2;38;0.584656
c.strings.mystrspccmp-1;student1;student32;38;0.585752
c.strings.mystrspccmp-1;student32;student4;38;0.627297
c.strings.mystrspccmp-1;student3;student32;38;0.648855
c.strings.mystrspccmp-1;student7;student32;38;0.588859
c.strings.mystrspccmp-1;student5;student32;38;0.588859
c.strings.mystrspccmp-1;student9;student23;38;0.470443
c.strings.mystrspccmp-1;student21;student11;38;0.580517
c.strings.mystrspccmp-1;student21;student23;38;0.536036
c.strings.mystrspccmp-1;student29;student32;38;0.619753
c.strings.mystrspccmp-1;student6;student32;38;0.648855
c.strings.mystrspccmp-1;student18;student16;38;0.386635
c.strings.mystrspccmp-1;student18;student15;38;0.386635
c.strings.mystrspccmp-1;student17;student30;38;0.628635
c.strings.mystrspccmp-1;student17;student31;38;0.628635
c.strings.mystrspccmp-1;student12;student15;38;0.544828
c.strings.mystrspccmp-1;student30;student8;38;0.661435
c.strings.mystrspccmp-1;student8;student31;38;0.674888
c.strings.mystrspccmp-1;student15;student10;38;0.547126
c.strings.mystrspccmp-1;student15;student14;38;0.428571
c.strings.mystrspccmp-1;student16;student10;38;0.547126
c.strings.mystrspccmp-1;student16;student14;38;0.428571
c.strings.mystrspccmp-1;student16;student12;38;0.547126
c.strings.mystrspccmp-1;student18;student28;39;0.415966
c.strings.mystrspccmp-1;student17;student23;39;0.527228
c.strings.mystrspccmp-1;student8;student23;39;0.590698
c.strings.mystrspccmp-1;student29;student18;39;0.406863
c.strings.mystrspccmp-1;student29;student16;39;0.508685
c.strings.mystrspccmp-1;student29;student15;39;0.508685
c.strings.mystrspccmp-1;student21;student20;39;0.5953
c.strings.mystrspccmp-1;student19;student21;39;0.606771
c.strings.mystrspccmp-1;student13;student11;40;0.396061
c.strings.mystrspccmp-1;student6;student24;40;0.550369
c.strings.mystrspccmp-1;student6;student22;40;0.551724
c.strings.mystrspccmp-1;student5;student24;40;0.506394
c.strings.mystrspccmp-1;student5;student22;40;0.507692
c.strings.mystrspccmp-1;student1;student24;40;0.508906
c.strings.mystrspccmp-1;student1;student22;40;0.510204
c.strings.mystrspccmp-1;student22;student4;40;0.525773
c.strings.mystrspccmp-1;student22;student2;40;0.511509
c.strings.mystrspccmp-1;student3;student22;40;0.551724
c.strings.mystrspccmp-1;student22;student8;40;0.505774
c.strings.mystrspccmp-1;student24;student4;40;0.524422
c.strings.mystrspccmp-1;student24;student2;40;0.510204
c.strings.mystrspccmp-1;student24;student8;40;0.504608
c.strings.mystrspccmp-1;student24;student3;40;0.546569
c.strings.mystrspccmp-1;student14;student28;40;0.424947
c.strings.mystrspccmp-1;student10;student32;41;0.497835
c.strings.mystrspccmp-1;student9;student35;41;0.450413
c.strings.mystrspccmp-1;student13;student32;41;0.392593
c.strings.mystrspccmp-1;student7;student22;41;0.497436
c.strings.mystrspccmp-1;student32;student8;41;0.590799
c.strings.mystrspccmp-1;student32;student20;41;0.607235
c.strings.mystrspccmp-1;student24;student7;41;0.494898
c.strings.mystrspccmp-1;student14;student11;41;0.381605
c.strings.mystrspccmp-1;student19;student32;41;0.604651
c.strings.mystrspccmp-1;student12;student32;41;0.497835
c.strings.mystrspccmp-1;student17;student35;42;0.590234
c.strings.mystrspccmp-1;student13;student29;42;0.40665
c.strings.mystrspccmp-1;student13;student12;42;0.416667
c.strings.mystrspccmp-1;student13;student10;42;0.416667
c.strings.mystrspccmp-1;student29;student11;42;0.498947
c.strings.mystrspccmp-1;student29;student14;42;0.544578
c.strings.mystrspccmp-1;student25;student30;42;0.607646
c.strings.mystrspccmp-1;student25;student31;42;0.607646
c.strings.mystrspccmp-1;student17;student12;42;0.642222
c.strings.mystrspccmp-1;student17;student10;42;0.642222
c.strings.mystrspccmp-1;student12;student21;42;0.628635
c.strings.mystrspccmp-1;student9;student22;42;0.506394
c.strings.mystrspccmp-1;student21;student10;42;0.628635
c.strings.mystrspccmp-1;student24;student9;42;0.503817
c.strings.mystrspccmp-1;student14;student35;42;0.474806
c.strings.mystrspccmp-1;student15;student22;42;0.395833
c.strings.mystrspccmp-1;student15;student24;42;0.395833
c.strings.mystrspccmp-1;student16;student22;42;0.395833
c.strings.mystrspccmp-1;student16;student24;42;0.395833
c.strings.mystrspccmp-1;student25;student2;43;0.476695
c.strings.mystrspccmp-1;student25;student9;43;0.356701
c.strings.mystrspccmp-1;student25;student1;43;0.475687
c.strings.mystrspccmp-1;student25;student3;43;0.374
c.strings.mystrspccmp-1;student25;student4;43;0.359833
c.strings.mystrspccmp-1;student5;student25;43;0.720824
c.strings.mystrspccmp-1;student6;student25;43;0.684096
c.strings.mystrspccmp-1;student18;student30;43;0.445887
c.strings.mystrspccmp-1;student18;student31;43;0.445887
c.strings.mystrspccmp-1;student11;student20;43;0.319672
c.strings.mystrspccmp-1;student15;student23;43;0.442731
c.strings.mystrspccmp-1;student19;student11;43;0.464668
c.strings.mystrspccmp-1;student16;student23;43;0.442731
c.strings.mystrspccmp-1;student25;student7;44;0.476695
c.strings.mystrspccmp-1;student31;student23;44;0.454936
c.strings.mystrspccmp-1;student8;student35;44;0.531187
c.strings.mystrspccmp-1;student22;student11;44;0.392197
c.strings.mystrspccmp-1;student24;student11;44;0.392197
c.strings.mystrspccmp-1;student14;student32;44;0.533333
c.strings.mystrspccmp-1;student14;student10;44;0.546638
c.strings.mystrspccmp-1;student30;student23;44;0.454936
c.strings.mystrspccmp-1;student12;student14;44;0.54902
c.strings.mystrspccmp-1;student28;student11;45;0.46374
c.strings.mystrspccmp-1;student22;student32;45;0.46778
c.strings.mystrspccmp-1;student29;student10;45;0.569845
c.strings.mystrspccmp-1;student29;student12;45;0.569845
c.strings.mystrspccmp-1;student10;student20;45;0.534722
c.strings.mystrspccmp-1;student32;student11;45;0.476891
c.strings.mystrspccmp-1;student31;student20;45;0.400428
c.strings.mystrspccmp-1;student31;student11;45;0.493852
c.strings.mystrspccmp-1;student21;student35;45;0.447581
c.strings.mystrspccmp-1;student24;student32;45;0.466667
c.strings.mystrspccmp-1;student14;student36;45;0.447479
c.strings.mystrspccmp-1;student30;student20;45;0.400428
c.strings.mystrspccmp-1;student30;student11;45;0.493852
c.strings.mystrspccmp-1;student30;student14;45;0.452282
c.strings.mystrspccmp-1;student19;student10;45;0.537037
c.strings.mystrspccmp-1;student12;student19;45;0.534722
c.strings.mystrspccmp-1;student12;student20;45;0.534722
c.strings.mystrspccmp-1;student19;student30;45;0.401288
c.strings.mystrspccmp-1;student19;student31;45;0.401288
c.strings.mystrspccmp-1;student14;student31;45;0.46473
c.strings.mystrspccmp-1;student36;student35;46;0.494163
c.strings.mystrspccmp-1;student32;student23;46;0.51816
c.strings.mystrspccmp-1;student22;student10;46;0.484513
c.strings.mystrspccmp-1;student24;student10;46;0.488938
c.strings.mystrspccmp-1;student15;student32;46;0.458974
c.strings.mystrspccmp-1;student12;student24;46;0.488938
c.strings.mystrspccmp-1;student12;student22;46;0.484513
c.strings.mystrspccmp-1;student16;student32;46;0.458974
c.strings.mystrspccmp-1;student18;student32;46;0.374429
c.strings.mystrspccmp-1;student29;student24;46;0.540094
c.strings.mystrspccmp-1;student29;student22;46;0.541371
c.strings.mystrspccmp-1;student28;student35;47;0.508704
c.strings.mystrspccmp-1;student5;student37;47;0.331558
c.strings.mystrspccmp-1;student6;student37;47;0.334635
c.strings.mystrspccmp-1;student13;student30;47;0.484919
c.strings.mystrspccmp-1;student13;student31;47;0.484919
c.strings.mystrspccmp-1;student38;student27;47;0.520194
c.strings.mystrspccmp-1;student26;student8;47;0.410256
c.strings.mystrspccmp-1;student26;student38;47;0.531707
c.strings.mystrspccmp-1;student30;student32;47;0.525751
c.strings.mystrspccmp-1;student30;student38;47;0.264297
c.strings.mystrspccmp-1;student30;student39;47;0.702048
c.strings.mystrspccmp-1;student37;student4;47;0.317333
c.strings.mystrspccmp-1;student37;student2;47;0.331117
c.strings.mystrspccmp-1;student37;student1;47;0.330677
c.strings.mystrspccmp-1;student37;student30;47;0.32413
c.strings.mystrspccmp-1;student37;student3;47;0.3342
c.strings.mystrspccmp-1;student37;student31;47;0.32413
c.strings.mystrspccmp-1;student40;student26;47;0.470032
c.strings.mystrspccmp-1;student40;student27;47;0.470032
c.strings.mystrspccmp-1;student39;student31;47;0.695733
c.strings.mystrspccmp-1;student24;student21;47;0.504651
c.strings.mystrspccmp-1;student38;student31;47;0.264297
c.strings.mystrspccmp-1;student21;student22;47;0.505827
c.strings.mystrspccmp-1;student27;student8;47;0.410256
c.strings.mystrspccmp-1;student32;student31;47;0.54013
c.strings.mystrspccmp-1;student32;student35;48;0.445328
c.strings.mystrspccmp-1;student9;student36;48;0.381609
c.strings.mystrspccmp-1;student34;student35;48;0.330189
c.strings.mystrspccmp-1;student25;student38;48;0.355346
c.strings.mystrspccmp-1;student13;student36;48;0.438799
c.strings.mystrspccmp-1;student18;student12;48;0.403017
c.strings.mystrspccmp-1;student18;student10;48;0.403017
c.strings.mystrspccmp-1;student18;student11;48;0.378218
c.strings.mystrspccmp-1;student25;student37;48;0.329574
c.strings.mystrspccmp-1;student30;student10;48;0.496829
c.strings.mystrspccmp-1;student37;student7;48;0.328895
c.strings.mystrspccmp-1;student12;student28;48;0.467641
c.strings.mystrspccmp-1;student12;student30;48;0.496829
c.strings.mystrspccmp-1;student12;student31;48;0.496829
c.strings.mystrspccmp-1;student10;student31;48;0.496829
c.strings.mystrspccmp-1;student10;student28;48;0.467641
c.strings.mystrspccmp-1;student17;student36;49;0.402597
c.strings.mystrspccmp-1;student35;student2;49;0.426471
c.strings.mystrspccmp-1;student1;student35;49;0.416842
c.strings.mystrspccmp-1;student35;student4;49;0.443515
c.strings.mystrspccmp-1;student3;student35;49;0.466801
c.strings.mystrspccmp-1;student5;student35;49;0.412134
c.strings.mystrspccmp-1;student23;student11;49;0.497976
c.strings.mystrspccmp-1;student6;student35;49;0.466801
c.strings.mystrspccmp-1;student30;student22;49;0.461698
c.strings.mystrspccmp-1;student30;student24;49;0.463768
c.strings.mystrspccmp-1;student24;student31;49;0.46473
c.strings.mystrspccmp-1;student22;student31;49;0.462656
c.strings.mystrspccmp-1;student23;student35;50;0.346303
c.strings.mystrspccmp-1;student36;student32;50;0.384946
c.strings.mystrspccmp-1;student7;student35;50;0.413361
c.strings.mystrspccmp-1;student25;student12;50;0.472946
c.strings.mystrspccmp-1;student25;student10;50;0.472946
c.strings.mystrspccmp-1;student10;student23;50;0.505568
c.strings.mystrspccmp-1;student27;student11;50;0.532534
c.strings.mystrspccmp-1;student26;student11;50;0.532534
c.strings.mystrspccmp-1;student12;student23;50;0.505568
c.strings.mystrspccmp-1;student13;student35;51;0.475054
c.strings.mystrspccmp-1;student17;student24;51;0.466042
c.strings.mystrspccmp-1;student17;student22;51;0.467136
c.strings.mystrspccmp-1;student38;student28;51;0.363492
c.strings.mystrspccmp-1;student36;student22;51;0.485232
c.strings.mystrspccmp-1;student35;student20;51;0.389234
c.strings.mystrspccmp-1;student24;student36;51;0.487342
c.strings.mystrspccmp-1;student34;student24;51;0.411157
c.strings.mystrspccmp-1;student34;student22;51;0.412008
c.strings.mystrspccmp-1;student34;student28;51;0.407115
c.strings.mystrspccmp-1;student19;student35;51;0.389234
c.strings.mystrspccmp-1;student41;student34;51;0.363636
c.strings.mystrspccmp-1;student37;student8;51;0.319848
c.strings.mystrspccmp-1;student22;student35;52;0.480843
c.strings.mystrspccmp-1;student18;student35;52;0.403543
c.strings.mystrspccmp-1;student17;student37;52;0.300126
c.strings.mystrspccmp-1;student36;student2;52;0.410023
c.strings.mystrspccmp-1;student1;student36;52;0.414966
c.strings.mystrspccmp-1;student36;student4;52;0.36036
c.strings.mystrspccmp-1;student21;student36;52;0.43662
c.strings.mystrspccmp-1;student3;student36;52;0.383621
c.strings.mystrspccmp-1;student7;student36;52;0.407745
c.strings.mystrspccmp-1;student24;student35;52;0.480769
c.strings.mystrspccmp-1;student34;student32;52;0.268499
c.strings.mystrspccmp-1;student37;student10;52;0.306918
c.strings.mystrspccmp-1;student5;student36;52;0.414188
c.strings.mystrspccmp-1;student6;student36;52;0.383621
c.strings.mystrspccmp-1;student25;student14;52;0.387833
c.strings.mystrspccmp-1;student37;student12;52;0.306918
c.strings.mystrspccmp-1;student39;student21;52;0.384236
c.strings.mystrspccmp-1;student42;student43;53;0.665122
c.strings.mystrspccmp-1;student39;student38;53;0.543371
c.strings.mystrspccmp-1;student11;student35;53;0.393443
c.strings.mystrspccmp-1;student37;student9;53;0.287037
c.strings.mystrspccmp-1;student29;student35;53;0.449416
c.strings.mystrspccmp-1;student25;student15;53;0.568665
c.strings.mystrspccmp-1;student25;student28;53;0.590196
c.strings.mystrspccmp-1;student36;student8;53;0.48866
c.strings.mystrspccmp-1;student36;student23;53;0.38809
c.strings.mystrspccmp-1;student36;student28;53;0.452525
c.strings.mystrspccmp-1;student16;student25;53;0.589147
c.strings.mystrspccmp-1;student41;student44;54;0.562319
c.strings.mystrspccmp-1;student25;student17;54;0.563674
c.strings.mystrspccmp-1;student33;student35;54;0.311504
c.strings.mystrspccmp-1;student29;student37;54;0.275731
c.strings.mystrspccmp-1;student29;student25;54;0.58811
c.strings.mystrspccmp-1;student25;student21;54;0.399621
c.strings.mystrspccmp-1;student37;student14;54;0.270807
c.strings.mystrspccmp-1;student37;student28;54;0.292191
c.strings.mystrspccmp-1;student37;student11;54;0.267252
c.strings.mystrspccmp-1;student34;student21;54;0.22561
c.strings.mystrspccmp-1;student15;student35;55;0.399582
c.strings.mystrspccmp-1;student44;student38;55;0.451429
c.strings.mystrspccmp-1;student25;student40;55;0.536145
c.strings.mystrspccmp-1;student45;student41;55;0.544049
c.strings.mystrspccmp-1;student45;student11;55;0.352396
c.strings.mystrspccmp-1;student37;student21;55;0.236613
c.strings.mystrspccmp-1;student16;student35;55;0.399582
c.strings.mystrspccmp-1;student31;student35;56;0.442593
c.strings.mystrspccmp-1;student10;student35;56;0.396584
c.strings.mystrspccmp-1;student18;student25;56;0.417476
c.strings.mystrspccmp-1;student18;student36;56;0.396
c.strings.mystrspccmp-1;student6;student26;56;0.302026
c.strings.mystrspccmp-1;student6;student27;56;0.302026
c.strings.mystrspccmp-1;student45;student14;56;0.498366
c.strings.mystrspccmp-1;student45;student8;56;0.41357
c.strings.mystrspccmp-1;student5;student26;56;0.304924
c.strings.mystrspccmp-1;student5;student27;56;0.304924
c.strings.mystrspccmp-1;student33;student11;56;0.379507
c.strings.mystrspccmp-1;student34;student14;56;0.287474
c.strings.mystrspccmp-1;student34;student23;56;0.306889
c.strings.mystrspccmp-1;student3;student27;56;0.302026
c.strings.mystrspccmp-1;student36;student11;56;0.377079
c.strings.mystrspccmp-1;student27;student4;56;0.279159
c.strings.mystrspccmp-1;student27;student2;56;0.304348
c.strings.mystrspccmp-1;student27;student28;56;0.625232
c.strings.mystrspccmp-1;student26;student4;56;0.279159
c.strings.mystrspccmp-1;student26;student2;56;0.304348
c.strings.mystrspccmp-1;student26;student28;56;0.625232
c.strings.mystrspccmp-1;student26;student3;56;0.302026
c.strings.mystrspccmp-1;student26;student21;56;0.349736
c.strings.mystrspccmp-1;student27;student21;56;0.349736
c.strings.mystrspccmp-1;student30;student35;56;0.442593
c.strings.mystrspccmp-1;student41;student35;56;0.479452
c.strings.mystrspccmp-1;student12;student35;56;0.396584
c.strings.mystrspccmp-1;student41;student24;56;0.4375
c.strings.mystrspccmp-1;student41;student22;56;0.4375
c.strings.mystrspccmp-1;student1;student26;56;0.300567
c.strings.mystrspccmp-1;student1;student27;56;0.300567
c.strings.mystrspccmp-1;student15;student27;56;0.428076
c.strings.mystrspccmp-1;student15;student26;56;0.428076
c.strings.mystrspccmp-1;student16;student27;56;0.428076
c.strings.mystrspccmp-1;student16;student26;56;0.428076
c.strings.mystrspccmp-1;student17;student34;57;0.314885
c.strings.mystrspccmp-1;student33;student36;57;0.308
c.strings.mystrspccmp-1;student45;student46;57;0.559937
c.strings.mystrspccmp-1;student45;student47;57;0.559937
c.strings.mystrspccmp-1;student34;student9;57;0.306554
c.strings.mystrspccmp-1;student13;student25;57;0.416309
c.strings.mystrspccmp-1;student18;student37;57;0.287898
c.strings.mystrspccmp-1;student45;student12;57;0.34434
c.strings.mystrspccmp-1;student45;student10;57;0.34434
c.strings.mystrspccmp-1;student33;student12;57;0.432432
c.strings.mystrspccmp-1;student33;student9;57;0.347059
c.strings.mystrspccmp-1;student33;student10;57;0.432432
c.strings.mystrspccmp-1;student25;student23;57;0.423664
c.strings.mystrspccmp-1;student34;student10;57;0.331992
c.strings.mystrspccmp-1;student7;student27;57;0.304348
c.strings.mystrspccmp-1;student36;student20;57;0.347826
c.strings.mystrspccmp-1;student27;student9;57;0.336576
c.strings.mystrspccmp-1;student26;student9;57;0.336576
c.strings.mystrspccmp-1;student26;student7;57;0.304348
c.strings.mystrspccmp-1;student15;student36;57;0.397917
c.strings.mystrspccmp-1;student19;student36;57;0.364835
c.strings.mystrspccmp-1;student12;student34;57;0.335341
c.strings.mystrspccmp-1;student37;student23;57;0.256281
c.strings.mystrspccmp-1;student16;student36;57;0.397917
c.strings.mystrspccmp-1;student29;student26;57;0.333333
c.strings.mystrspccmp-1;student29;student27;57;0.333333
c.strings.mystrspccmp-1;student45;student25;58;0.514019
c.strings.mystrspccmp-1;student25;student19;58;0.382591
c.strings.mystrspccmp-1;student25;student24;58;0.433781
c.strings.mystrspccmp-1;student25;student22;58;0.465251
c.strings.mystrspccmp-1;student25;student20;58;0.382591
c.strings.mystrspccmp-1;student34;student8;58;0.315068
c.strings.mystrspccmp-1;student34;student20;58;0.322785
c.strings.mystrspccmp-1;student39;student27;58;0.565436
c.strings.mystrspccmp-1;student26;student39;58;0.565436
c.strings.mystrspccmp-1;student19;student34;58;0.322785
c.strings.mystrspccmp-1;student37;student19;58;0.23995
c.strings.mystrspccmp-1;student37;student15;58;0.313492
c.strings.mystrspccmp-1;student37;student24;58;0.257463
c.strings.mystrspccmp-1;student37;student22;58;0.25995
c.strings.mystrspccmp-1;student37;student20;58;0.23995
c.strings.mystrspccmp-1;student41;student28;58;0.437177
c.strings.mystrspccmp-1;student12;student36;58;0.414634
c.strings.mystrspccmp-1;student38;student21;58;0.318182
c.strings.mystrspccmp-1;student36;student10;58;0.412602
c.strings.mystrspccmp-1;student16;student37;58;0.313907
c.strings.mystrspccmp-1;student48;student45;58;0.588402
c.strings.mystrspccmp-1;student46;student35;59;0.512153
c.strings.mystrspccmp-1;student33;student32;59;0.341509
c.strings.mystrspccmp-1;student34;student7;59;0.303093
c.strings.mystrspccmp-1;student34;student3;59;0.291755
c.strings.mystrspccmp-1;student5;student34;59;0.308489
c.strings.mystrspccmp-1;student45;student28;59;0.546645
c.strings.mystrspccmp-1;student34;student11;59;0.298039
c.strings.mystrspccmp-1;student34;student2;59;0.314168
c.strings.mystrspccmp-1;student34;student4;59;0.291755
c.strings.mystrspccmp-1;student30;student36;59;0.430894
c.strings.mystrspccmp-1;student47;student35;59;0.512153
c.strings.mystrspccmp-1;student1;student34;59;0.31893
c.strings.mystrspccmp-1;student37;student32;59;0.262893
c.strings.mystrspccmp-1;student29;student36;59;0.357143
c.strings.mystrspccmp-1;student29;student34;59;0.343284
c.strings.mystrspccmp-1;student6;student34;59;0.295117
c.strings.mystrspccmp-1;student33;student8;59;0.363636
c.strings.mystrspccmp-1;student33;student23;59;0.387795
c.strings.mystrspccmp-1;student37;student26;59;0.363065
c.strings.mystrspccmp-1;student37;student27;59;0.363065
c.strings.mystrspccmp-1;student36;student31;59;0.437247
c.strings.mystrspccmp-1;student34;student36;60;0.341847
c.strings.mystrspccmp-1;student15;student38;60;0.253356
c.strings.mystrspccmp-1;student16;student38;60;0.253356
c.strings.mystrspccmp-1;student40;student39;61;0.379518
c.strings.mystrspccmp-1;student17;student39;61;0.301205
c.strings.mystrspccmp-1;student33;student38;61;0.395007
c.strings.mystrspccmp-1;student33;student17;61;0.325048
c.strings.mystrspccmp-1;student33;student1;61;0.359922
c.strings.mystrspccmp-1;student5;student33;61;0.362376
c.strings.mystrspccmp-1;student45;student5;61;0.43956
c.strings.mystrspccmp-1;student45;student1;61;0.442013
c.strings.mystrspccmp-1;student45;student3;61;0.345794
c.strings.mystrspccmp-1;student45;student2;61;0.443956
c.strings.mystrspccmp-1;student45;student4;61;0.406742
c.strings.mystrspccmp-1;student39;student28;61;0.580531
c.strings.mystrspccmp-1;student38;student23;61;0.34858
c.strings.mystrspccmp-1;student15;student34;61;0.276438
c.strings.mystrspccmp-1;student41;student38;61;0.424332
c.strings.mystrspccmp-1;student29;student39;61;0.339755
c.strings.mystrspccmp-1;student13;student37;61;0.244415
c.strings.mystrspccmp-1;student6;student33;61;0.371542
c.strings.mystrspccmp-1;student6;student45;61;0.343214
c.strings.mystrspccmp-1;student18;student26;61;0.318996
c.strings.mystrspccmp-1;student18;student27;61;0.318996
c.strings.mystrspccmp-1;student33;student14;61;0.430412
c.strings.mystrspccmp-1;student33;student7;61;0.360308
c.strings.mystrspccmp-1;student33;student3;61;0.365759
c.strings.mystrspccmp-1;student33;student2;61;0.359922
c.strings.mystrspccmp-1;student33;student4;61;0.365759
c.strings.mystrspccmp-1;student16;student34;61;0.276438
c.strings.mystrspccmp-1;student18;student34;62;0.304069
c.strings.mystrspccmp-1;student17;student38;62;0.32093
c.strings.mystrspccmp-1;student45;student35;62;0.586314
c.strings.mystrspccmp-1;student45;student7;62;0.428571
c.strings.mystrspccmp-1;student33;student25;62;0.34955
c.strings.mystrspccmp-1;student47;student11;62;0.374126
c.strings.mystrspccmp-1;student29;student38;62;0.343499
c.strings.mystrspccmp-1;student13;student33;62;0.352617
c.strings.mystrspccmp-1;student33;student24;62;0.37234
c.strings.mystrspccmp-1;student33;student21;62;0.309804
c.strings.mystrspccmp-1;student33;student22;62;0.371849
c.strings.mystrspccmp-1;student12;student26;62;0.384899
c.strings.mystrspccmp-1;student12;student27;62;0.384899
c.strings.mystrspccmp-1;student41;student30;62;0.391597
c.strings.mystrspccmp-1;student41;student26;62;0.438596
c.strings.mystrspccmp-1;student41;student27;62;0.438596
c.strings.mystrspccmp-1;student41;student31;62;0.391597
c.strings.mystrspccmp-1;student38;student8;62;0.371248
c.strings.mystrspccmp-1;student46;student11;62;0.374126
c.strings.mystrspccmp-1;student27;student10;62;0.384899
c.strings.mystrspccmp-1;student14;student38;62;0.294953
c.strings.mystrspccmp-1;student27;student22;62;0.456044
c.strings.mystrspccmp-1;student24;student27;62;0.47026
c.strings.mystrspccmp-1;student26;student10;62;0.384899
c.strings.mystrspccmp-1;student26;student22;62;0.456044
c.strings.mystrspccmp-1;student26;student24;62;0.457875
c.strings.mystrspccmp-1;student34;student38;63;0.290179
c.strings.mystrspccmp-1;student25;student35;63;0.395062
c.strings.mystrspccmp-1;student25;student32;63;0.522727
c.strings.mystrspccmp-1;student25;student39;63;0.555016
c.strings.mystrspccmp-1;student45;student32;63;0.309478
c.strings.mystrspccmp-1;student42;student49;63;0.482445
c.strings.mystrspccmp-1;student38;student11;63;0.280916
c.strings.mystrspccmp-1;student46;student10;63;0.355872
c.strings.mystrspccmp-1;student41;student11;63;0.332293
c.strings.mystrspccmp-1;student27;student23;63;0.394366
c.strings.mystrspccmp-1;student14;student46;63;0.393939
c.strings.mystrspccmp-1;student26;student23;63;0.394366
c.strings.mystrspccmp-1;student12;student46;63;0.35461
c.strings.mystrspccmp-1;student12;student47;63;0.35461
c.strings.mystrspccmp-1;student37;student49;63;0.307407
c.strings.mystrspccmp-1;student29;student33;63;0.319527
c.strings.mystrspccmp-1;student17;student26;63;0.46283
c.strings.mystrspccmp-1;student17;student27;63;0.46283
c.strings.mystrspccmp-1;student41;student14;63;0.29868
c.strings.mystrspccmp-1;student41;student21;63;0.308621
c.strings.mystrspccmp-1;student47;student14;63;0.393939
c.strings.mystrspccmp-1;student47;student10;63;0.355872
c.strings.mystrspccmp-1;student38;student35;64;0.337879
c.strings.mystrspccmp-1;student3;student38;64;0.333884
c.strings.mystrspccmp-1;student40;student38;64;0.452161
c.strings.mystrspccmp-1;student1;student38;64;0.327869
c.strings.mystrspccmp-1;student37;student35;64;0.313468
c.strings.mystrspccmp-1;student37;student38;64;0.246626
c.strings.mystrspccmp-1;student37;student39;64;0.31769
c.strings.mystrspccmp-1;student37;student34;64;0.16445
c.strings.mystrspccmp-1;student5;student38;64;0.334426
c.strings.mystrspccmp-1;student33;student28;64;0.347992
c.strings.mystrspccmp-1;student25;student41;64;0.378738
c.strings.mystrspccmp-1;student41;student23;64;0.417678
c.strings.mystrspccmp-1;student12;student38;64;0.277603
c.strings.mystrspccmp-1;student29;student40;64;0.450085
c.strings.mystrspccmp-1;student13;student34;64;0.246284
c.strings.mystrspccmp-1;student6;student38;64;0.333884
c.strings.mystrspccmp-1;student40;student30;64;0.353035
c.strings.mystrspccmp-1;student38;student22;64;0.306349
c.strings.mystrspccmp-1;student38;student10;64;0.27918
c.strings.mystrspccmp-1;student38;student2;64;0.331148
c.strings.mystrspccmp-1;student38;student4;64;0.327303
c.strings.mystrspccmp-1;student24;student38;64;0.306349
c.strings.mystrspccmp-1;student26;student14;64;0.340426
c.strings.mystrspccmp-1;student30;student49;64;0.39547
c.strings.mystrspccmp-1;student30;student34;64;0.289421
c.strings.mystrspccmp-1;student40;student31;64;0.353035
c.strings.mystrspccmp-1;student34;student31;64;0.289421
c.strings.mystrspccmp-1;student34;student50;64;0.330804
c.strings.mystrspccmp-1;student49;student31;64;0.394783
c.strings.mystrspccmp-1;student14;student27;64;0.345133
c.strings.mystrspccmp-1;student45;student17;65;0.357945
c.strings.mystrspccmp-1;student45;student37;65;0.367206
c.strings.mystrspccmp-1;student41;student4;65;0.388795
c.strings.mystrspccmp-1;student41;student2;65;0.387858
c.strings.mystrspccmp-1;student41;student10;65;0.323826
c.strings.mystrspccmp-1;student41;student46;65;0.437604
c.strings.mystrspccmp-1;student41;student3;65;0.388795
c.strings.mystrspccmp-1;student41;student7;65;0.386172
c.strings.mystrspccmp-1;student41;student39;65;0.455298
c.strings.mystrspccmp-1;student41;student40;65;0.390102
c.strings.mystrspccmp-1;student41;student47;65;0.437604
c.strings.mystrspccmp-1;student41;student1;65;0.386555
c.strings.mystrspccmp-1;student12;student41;65;0.325
c.strings.mystrspccmp-1;student6;student41;65;0.387755
c.strings.mystrspccmp-1;student45;student30;65;0.392523
c.strings.mystrspccmp-1;student45;student24;65;0.422018
c.strings.mystrspccmp-1;student45;student9;65;0.4
c.strings.mystrspccmp-1;student45;student22;65;0.422018
c.strings.mystrspccmp-1;student45;student31;65;0.392523
c.strings.mystrspccmp-1;student5;student41;65;0.373898
c.strings.mystrspccmp-1;student33;student19;65;0.364356
c.strings.mystrspccmp-1;student33;student30;65;0.374761
c.strings.mystrspccmp-1;student33;student31;65;0.374761
c.strings.mystrspccmp-1;student33;student20;65;0.364356
c.strings.mystrspccmp-1;student49;student21;65;0.422945
c.strings.mystrspccmp-1;student39;student9;65;0.345588
c.strings.mystrspccmp-1;student38;student9;65;0.326797
c.strings.mystrspccmp-1;student7;student38;65;0.336601
c.strings.mystrspccmp-1;student47;student38;66;0.393846
c.strings.mystrspccmp-1;student38;student46;66;0.396899
c.strings.mystrspccmp-1;student45;student21;66;0.327613
c.strings.mystrspccmp-1;student33;student37;66;0.241505
c.strings.mystrspccmp-1;student41;student50;66;0.367508
c.strings.mystrspccmp-1;student44;student50;66;0.497872
c.strings.mystrspccmp-1;student51;student39;66;0.456198
c.strings.mystrspccmp-1;student39;student35;67;0.396007
c.strings.mystrspccmp-1;student3;student46;67;0.37702
c.strings.mystrspccmp-1;student1;student46;67;0.392793
c.strings.mystrspccmp-1;student1;student47;67;0.392793
c.strings.mystrspccmp-1;student37;student36;67;0.266749
c.strings.mystrspccmp-1;student25;student34;67;0.3049
c.strings.mystrspccmp-1;student5;student46;67;0.402878
c.strings.mystrspccmp-1;student5;student47;67;0.402878
c.strings.mystrspccmp-1;student45;student38;67;0.361194
c.strings.mystrspccmp-1;student45;student34;67;0.276336
c.strings.mystrspccmp-1;student37;student41;67;0.293758
c.strings.mystrspccmp-1;student6;student46;67;0.37702
c.strings.mystrspccmp-1;student6;student47;67;0.37702
c.strings.mystrspccmp-1;student13;student26;67;0.291262
c.strings.mystrspccmp-1;student13;student27;67;0.291262
c.strings.mystrspccmp-1;student52;student50;67;0.505065
c.strings.mystrspccmp-1;student45;student26;67;0.463108
c.strings.mystrspccmp-1;student45;student27;67;0.463108
c.strings.mystrspccmp-1;student33;student41;67;0.391813
c.strings.mystrspccmp-1;student17;student41;67;0.361386
c.strings.mystrspccmp-1;student12;student50;67;0.371048
c.strings.mystrspccmp-1;student41;student8;67;0.37232
c.strings.mystrspccmp-1;student47;student30;67;0.368966
c.strings.mystrspccmp-1;student47;student3;67;0.373429
c.strings.mystrspccmp-1;student47;student8;67;0.410488
c.strings.mystrspccmp-1;student47;student31;67;0.368966
c.strings.mystrspccmp-1;student47;student2;67;0.402878
c.strings.mystrspccmp-1;student47;student4;67;0.373429
c.strings.mystrspccmp-1;student40;student23;67;0.314103
c.strings.mystrspccmp-1;student40;student28;67;0.350565
c.strings.mystrspccmp-1;student46;student8;67;0.410488
c.strings.mystrspccmp-1;student30;student46;67;0.365517
c.strings.mystrspccmp-1;student46;student31;67;0.368966
c.strings.mystrspccmp-1;student46;student2;67;0.402878
c.strings.mystrspccmp-1;student46;student4;67;0.373429
c.strings.mystrspccmp-1;student10;student50;67;0.371048
c.strings.mystrspccmp-1;student18;student33;68;0.249509
c.strings.mystrspccmp-1;student17;student47;68;0.456989
c.strings.mystrspccmp-1;student17;student46;68;0.456989
c.strings.mystrspccmp-1;student25;student36;68;0.407339
c.strings.mystrspccmp-1;student25;student46;68;0.40708
c.strings.mystrspccmp-1;student25;student49;68;0.40729
c.strings.mystrspccmp-1;student25;student47;68;0.40708
c.strings.mystrspccmp-1;student45;student49;68;0.392857
c.strings.mystrspccmp-1;student45;student33;68;0.3264
c.strings.mystrspccmp-1;student25;student50;68;0.37299
c.strings.mystrspccmp-1;student47;student7;68;0.398564
c.strings.mystrspccmp-1;student7;student46;68;0.402154
c.strings.mystrspccmp-1;student50;student11;68;0.389718
c.strings.mystrspccmp-1;student41;student49;68;0.431118
c.strings.mystrspccmp-1;student37;student46;68;0.314039
c.strings.mystrspccmp-1;student37;student47;68;0.314039
c.strings.mystrspccmp-1;student47;student49;69;0.445194
c.strings.mystrspccmp-1;student47;student34;69;0.222581
c.strings.mystrspccmp-1;student44;student40;69;0.417404
c.strings.mystrspccmp-1;student34;student46;69;0.292007
c.strings.mystrspccmp-1;student49;student46;69;0.43824
c.strings.mystrspccmp-1;student41;student36;69;0.330017
c.strings.mystrspccmp-1;student45;student15;69;0.364486
c.strings.mystrspccmp-1;student33;student15;69;0.347107
c.strings.mystrspccmp-1;student41;student15;69;0.3
c.strings.mystrspccmp-1;student39;student14;69;0.343643
c.strings.mystrspccmp-1;student38;student50;69;0.313783
c.strings.mystrspccmp-1;student27;student20;69;0.308989
c.strings.mystrspccmp-1;student26;student20;69;0.308989
c.strings.mystrspccmp-1;student19;student27;69;0.308989
c.strings.mystrspccmp-1;student19;student26;69;0.308989
c.strings.mystrspccmp-1;student16;student41;69;0.3
c.strings.mystrspccmp-1;student16;student33;69;0.347107
c.strings.mystrspccmp-1;student16;student45;69;0.36875
c.strings.mystrspccmp-1;student48;student33;69;0.354167
c.strings.mystrspccmp-1;student47;student39;70;0.423729
c.strings.mystrspccmp-1;student39;student46;70;0.418644
c.strings.mystrspccmp-1;student45;student36;70;0.383436
c.strings.mystrspccmp-1;student45;student50;70;0.385862
c.strings.mystrspccmp-1;student45;student23;70;0.364486
c.strings.mystrspccmp-1;student41;student9;70;0.371859
c.strings.mystrspccmp-1;student39;student23;70;0.331683
c.strings.mystrspccmp-1;student39;student11;70;0.387358
c.strings.mystrspccmp-1;student27;student50;70;0.295056
c.strings.mystrspccmp-1;student26;student50;70;0.295056
c.strings.mystrspccmp-1;student29;student49;70;0.353873
c.strings.mystrspccmp-1;student52;student38;70;0.440443
c.strings.mystrspccmp-1;student13;student45;70;0.348048
c.strings.mystrspccmp-1;student29;student41;70;0.348958
c.strings.mystrspccmp-1;student33;student26;70;0.388502
c.strings.mystrspccmp-1;student33;student27;70;0.388502
c.strings.mystrspccmp-1;student51;student30;70;0.261168
c.strings.mystrspccmp-1;student51;student31;70;0.261168
c.strings.mystrspccmp-1;student41;student19;70;0.367201
c.strings.mystrspccmp-1;student41;student20;70;0.367201
c.strings.mystrspccmp-1;student47;student21;70;0.303293
c.strings.mystrspccmp-1;student46;student21;70;0.303293
c.strings.mystrspccmp-1;student17;student49;71;0.277193
c.strings.mystrspccmp-1;student49;student38;71;0.369841
c.strings.mystrspccmp-1;student34;student49;71;0.223856
c.strings.mystrspccmp-1;student45;student53;71;0.376756
c.strings.mystrspccmp-1;student45;student39;71;0.45107
c.strings.mystrspccmp-1;student13;student46;71;0.41556
c.strings.mystrspccmp-1;student13;student47;71;0.41556
c.strings.mystrspccmp-1;student13;student41;71;0.327434
c.strings.mystrspccmp-1;student52;student41;71;0.49115
c.strings.mystrspccmp-1;student18;student41;71;0.334501
c.strings.mystrspccmp-1;student18;student38;71;0.337727
c.strings.mystrspccmp-1;student49;student28;71;0.333887
c.strings.mystrspccmp-1;student39;student8;71;0.339744
c.strings.mystrspccmp-1;student46;student28;71;0.327616
c.strings.mystrspccmp-1;student27;student32;71;0.300181
c.strings.mystrspccmp-1;student38;student20;71;0.403035
c.strings.mystrspccmp-1;student26;student32;71;0.300181
c.strings.mystrspccmp-1;student19;student38;71;0.412162
c.strings.mystrspccmp-1;student44;student30;71;0.306152
c.strings.mystrspccmp-1;student44;student26;71;0.350404
c.strings.mystrspccmp-1;student44;student27;71;0.350404
c.strings.mystrspccmp-1;student54;student41;71;0.463824
c.strings.mystrspccmp-1;student44;student31;71;0.306152
c.strings.mystrspccmp-1;student47;student28;71;0.327616
c.strings.mystrspccmp-1;student46;student32;72;0.329768
c.strings.mystrspccmp-1;student49;student35;72;0.3229
c.strings.mystrspccmp-1;student55;student45;72;0.479495
c.strings.mystrspccmp-1;student39;student36;72;0.312602
c.strings.mystrspccmp-1;student33;student47;72;0.310966
c.strings.mystrspccmp-1;student33;student46;72;0.310966
c.strings.mystrspccmp-1;student29;student45;72;0.270701
c.strings.mystrspccmp-1;student13;student38;72;0.331126
c.strings.mystrspccmp-1;student45;student19;72;0.328051
c.strings.mystrspccmp-1;student45;student20;72;0.328051
c.strings.mystrspccmp-1;student34;student27;72;0.246998
c.strings.mystrspccmp-1;student46;student9;72;0.350534
c.strings.mystrspccmp-1;student46;student50;72;0.375399
c.strings.mystrspccmp-1;student27;student35;72;0.405451
c.strings.mystrspccmp-1;student26;student35;72;0.405451
c.strings.mystrspccmp-1;student26;student34;72;0.248705
c.strings.mystrspccmp-1;student40;student49;72;0.453642
c.strings.mystrspccmp-1;student47;student32;72;0.329768
c.strings.mystrspccmp-1;student47;student9;72;0.350534
c.strings.mystrspccmp-1;student41;student32;72;0.35567
c.strings.mystrspccmp-1;student47;student50;72;0.375399
c.strings.mystrspccmp-1;student51;student38;72;0.302687
c.strings.mystrspccmp-1;student37;student51;72;0.261084
c.strings.mystrspccmp-1;student48;student40;72;0.408276
c.strings.mystrspccmp-1;student48;student41;72;0.468927
c.strings.mystrspccmp-1;student48;student30;72;0.367799
c.strings.mystrspccmp-1;student48;student31;72;0.367799
c.strings.mystrspccmp-1;student49;student39;73;0.418856
c.strings.mystrspccmp-1;student34;student39;73;0.265239
c.strings.mystrspccmp-1;student1;student39;73;0.367754
c.strings.mystrspccmp-1;student44;student39;73;0.272727
c.strings.mystrspccmp-1;student33;student39;73;0.322006
c.strings.mystrspccmp-1;student33;student49;73;0.29402
c.strings.mystrspccmp-1;student37;student40;73;0.302764
c.strings.mystrspccmp-1;student5;student39;73;0.366788
c.strings.mystrspccmp-1;student55;student12;73;0.337736
c.strings.mystrspccmp-1;student33;student50;73;0.3104
c.strings.mystrspccmp-1;student49;student11;73;0.345541
c.strings.mystrspccmp-1;student39;student3;73;0.391071
c.strings.mystrspccmp-1;student39;student32;73;0.278459
c.strings.mystrspccmp-1;student39;student2;73;0.369091
c.strings.mystrspccmp-1;student39;student4;73;0.380776
c.strings.mystrspccmp-1;student8;student50;73;0.351485
c.strings.mystrspccmp-1;student29;student46;73;0.323636
c.strings.mystrspccmp-1;student29;student47;73;0.323636
c.strings.mystrspccmp-1;student6;student39;73;0.391071
c.strings.mystrspccmp-1;student25;student51;73;0.375231
c.strings.mystrspccmp-1;student51;student27;73;0.356643
c.strings.mystrspccmp-1;student51;student26;73;0.356643
c.strings.mystrspccmp-1;student48;student38;73;0.404664
c.strings.mystrspccmp-1;student48;student49;73;0.403846
c.strings.mystrspccmp-1;student55;student10;73;0.337736
c.strings.mystrspccmp-1;student38;student32;74;0.291935
c.strings.mystrspccmp-1;student49;student32;74;0.32247
c.strings.mystrspccmp-1;student18;student39;74;0.376963
c.strings.mystrspccmp-1;student55;student41;74;0.322275
c.strings.mystrspccmp-1;student55;student11;74;0.378928
c.strings.mystrspccmp-1;student49;student27;74;0.443252
c.strings.mystrspccmp-1;student39;student7;74;0.369091
c.strings.mystrspccmp-1;student39;student20;74;0.340037
c.strings.mystrspccmp-1;student38;student36;74;0.21875
c.strings.mystrspccmp-1;student46;student22;74;0.403846
c.strings.mystrspccmp-1;student22;student50;74;0.307309
c.strings.mystrspccmp-1;student27;student36;74;0.349315
c.strings.mystrspccmp-1;student27;student46;74;0.389744
c.strings.mystrspccmp-1;student24;student50;74;0.307309
c.strings.mystrspccmp-1;student24;student46;74;0.405594
c.strings.mystrspccmp-1;student26;student36;74;0.349315
c.strings.mystrspccmp-1;student26;student46;74;0.389744
c.strings.mystrspccmp-1;student26;student49;74;0.405956
c.strings.mystrspccmp-1;student44;student34;74;0.240163
c.strings.mystrspccmp-1;student47;student26;74;0.389744
c.strings.mystrspccmp-1;student47;student24;74;0.405594
c.strings.mystrspccmp-1;student47;student27;74;0.389744
c.strings.mystrspccmp-1;student47;student22;74;0.403846
c.strings.mystrspccmp-1;student19;student39;74;0.340037
c.strings.mystrspccmp-1;student51;student11;74;0.280797
c.strings.mystrspccmp-1;student48;student25;74;0.369408
c.strings.mystrspccmp-1;student50;student35;75;0.28972
c.strings.mystrspccmp-1;student47;student36;75;0.352332
c.strings.mystrspccmp-1;student47;student23;75;0.281034
c.strings.mystrspccmp-1;student40;student8;75;0.494457
c.strings.mystrspccmp-1;student40;student20;75;0.300676
c.strings.mystrspccmp-1;student49;student24;75;0.35506
c.strings.mystrspccmp-1;student49;student9;75;0.297248
c.strings.mystrspccmp-1;student49;student22;75;0.35506
c.strings.mystrspccmp-1;student49;student10;75;0.332168
c.strings.mystrspccmp-1;student39;student10;75;0.310463
c.strings.mystrspccmp-1;student46;student36;75;0.352332
c.strings.mystrspccmp-1;student46;student23;75;0.281034
c.strings.mystrspccmp-1;student31;student50;75;0.349498
c.strings.mystrspccmp-1;student30;student50;75;0.349498
c.strings.mystrspccmp-1;student15;student39;75;0.317957
c.strings.mystrspccmp-1;student44;student28;75;0.300836
c.strings.mystrspccmp-1;student19;student40;75;0.300676
c.strings.mystrspccmp-1;student12;student39;75;0.314092
c.strings.mystrspccmp-1;student12;student49;75;0.336824
c.strings.mystrspccmp-1;student51;student36;75;0.329352
c.strings.mystrspccmp-1;student37;student44;75;0.28487
c.strings.mystrspccmp-1;student16;student39;75;0.317957
c.strings.mystrspccmp-1;student55;student35;75;0.310646
c.strings.mystrspccmp-1;student18;student47;75;0.337456
c.strings.mystrspccmp-1;student18;student46;75;0.337456
c.strings.mystrspccmp-1;student52;student54;75;0.527529
c.strings.mystrspccmp-1;student48;student28;75;0.460961
c.strings.mystrspccmp-1;student44;student35;76;0.452794
c.strings.mystrspccmp-1;student18;student45;76;0.33871
c.strings.mystrspccmp-1;student47;student53;76;0.331152
c.strings.mystrspccmp-1;student6;student50;76;0.283305
c.strings.mystrspccmp-1;student55;student24;76;0.330206
c.strings.mystrspccmp-1;student55;student22;76;0.32833
c.strings.mystrspccmp-1;student5;student50;76;0.282534
c.strings.mystrspccmp-1;student37;student50;76;0.238152
c.strings.mystrspccmp-1;student1;student50;76;0.285714
c.strings.mystrspccmp-1;student49;student8;76;0.349754
c.strings.mystrspccmp-1;student51;student50;76;0.433387
c.strings.mystrspccmp-1;student40;student24;76;0.304276
c.strings.mystrspccmp-1;student40;student22;76;0.302632
c.strings.mystrspccmp-1;student39;student24;76;0.356775
c.strings.mystrspccmp-1;student39;student22;76;0.35506
c.strings.mystrspccmp-1;student53;student46;76;0.32549
c.strings.mystrspccmp-1;student50;student4;76;0.256499
c.strings.mystrspccmp-1;student50;student2;76;0.282051
c.strings.mystrspccmp-1;student7;student50;76;0.283993
c.strings.mystrspccmp-1;student3;student50;76;0.283305
c.strings.mystrspccmp-1;student15;student46;76;0.35
c.strings.mystrspccmp-1;student15;student47;76;0.35
c.strings.mystrspccmp-1;student16;student46;76;0.35
c.strings.mystrspccmp-1;student16;student47;76;0.35
c.strings.mystrspccmp-1;student48;student8;76;0.43921
c.strings.mystrspccmp-1;student55;student17;77;0.296015
c.strings.mystrspccmp-1;student55;student8;77;0.333938
c.strings.mystrspccmp-1;student49;student36;77;0.327448
c.strings.mystrspccmp-1;student45;student51;77;0.412141
c.strings.mystrspccmp-1;student49;student50;77;0.330049
c.strings.mystrspccmp-1;student9;student50;77;0.24525
c.strings.mystrspccmp-1;student51;student22;77;0.3375
c.strings.mystrspccmp-1;student51;student24;77;0.339286
c.strings.mystrspccmp-1;student40;student21;77;0.306581
c.strings.mystrspccmp-1;student48;student10;77;0.245337
c.strings.mystrspccmp-1;student48;student46;77;0.423019
c.strings.mystrspccmp-1;student48;student27;77;0.391781
c.strings.mystrspccmp-1;student48;student34;77;0.197514
c.strings.mystrspccmp-1;student48;student26;77;0.391781
c.strings.mystrspccmp-1;student48;student47;77;0.423019
c.strings.mystrspccmp-1;student48;student12;77;0.245337
c.strings.mystrspccmp-1;student54;student45;77;0.414566
c.strings.mystrspccmp-1;student52;student49;77;0.304913
c.strings.mystrspccmp-1;student52;student44;77;0.379001
c.strings.mystrspccmp-1;student54;student48;77;0.394366
c.strings.mystrspccmp-1;student1;student49;78;0.315596
c.strings.mystrspccmp-1;student1;student40;78;0.320066
c.strings.mystrspccmp-1;student5;student49;78;0.291743
c.strings.mystrspccmp-1;student5;student40;78;0.319536
c.strings.mystrspccmp-1;student45;student40;78;0.475628
c.strings.mystrspccmp-1;student52;student35;78;0.397196
c.strings.mystrspccmp-1;student52;student34;78;0.268759
c.strings.mystrspccmp-1;student52;student42;78;0.354545
c.strings.mystrspccmp-1;student6;student49;78;0.315508
c.strings.mystrspccmp-1;student6;student40;78;0.289517
c.strings.mystrspccmp-1;student33;student51;78;0.331179
c.strings.mystrspccmp-1;student47;student20;78;0.305302
c.strings.mystrspccmp-1;student40;student3;78;0.291181
c.strings.mystrspccmp-1;student40;student2;78;0.319536
c.strings.mystrspccmp-1;student40;student4;78;0.291181
c.strings.mystrspccmp-1;student49;student7;78;0.315596
c.strings.mystrspccmp-1;student49;student3;78;0.315508
c.strings.mystrspccmp-1;student49;student2;78;0.298535
c.strings.mystrspccmp-1;student49;student4;78;0.298893
c.strings.mystrspccmp-1;student46;student20;78;0.305302
c.strings.mystrspccmp-1;student50;student28;78;0.371287
c.strings.mystrspccmp-1;student19;student46;78;0.305861
c.strings.mystrspccmp-1;student19;student47;78;0.305861
c.strings.mystrspccmp-1;student48;student35;78;0.492604
c.strings.mystrspccmp-1;student55;student32;78;0.329502
c.strings.mystrspccmp-1;student55;student50;78;0.42097
c.strings.mystrspccmp-1;student42;student50;79;0.310526
c.strings.mystrspccmp-1;student55;student47;79;0.257903
c.strings.mystrspccmp-1;student55;student46;79;0.257903
c.strings.mystrspccmp-1;student55;student36;79;0.360771
c.strings.mystrspccmp-1;student55;student28;79;0.420857
c.strings.mystrspccmp-1;student44;student8;79;0.245924
c.strings.mystrspccmp-1;student47;student40;79;0.378295
c.strings.mystrspccmp-1;student40;student7;79;0.315091
c.strings.mystrspccmp-1;student40;student46;79;0.378295
c.strings.mystrspccmp-1;student40;student9;79;0.271523
c.strings.mystrspccmp-1;student49;student14;79;0.280612
c.strings.mystrspccmp-1;student49;student23;79;0.340604
c.strings.mystrspccmp-1;student53;student38;79;0.315789
c.strings.mystrspccmp-1;student32;student50;79;0.288591
c.strings.mystrspccmp-1;student15;student50;79;0.309562
c.strings.mystrspccmp-1;student51;student8;79;0.29877
c.strings.mystrspccmp-1;student51;student44;79;0.358757
c.strings.mystrspccmp-1;student16;student50;79;0.309562
c.strings.mystrspccmp-1;student48;student11;79;0.28227
c.strings.mystrspccmp-1;student29;student55;79;0.375
c.strings.mystrspccmp-1;student13;student39;79;0.391635
c.strings.mystrspccmp-1;student18;student49;80;0.358752
c.strings.mystrspccmp-1;student55;student33;80;0.346975
c.strings.mystrspccmp-1;student55;student37;80;0.203814
c.strings.mystrspccmp-1;student55;student34;80;0.299475
c.strings.mystrspccmp-1;student40;student11;80;0.269231
c.strings.mystrspccmp-1;student41;student53;80;0.420424
c.strings.mystrspccmp-1;student6;student48;80;0.286982
c.strings.mystrspccmp-1;student55;student21;80;0.278777
c.strings.mystrspccmp-1;student55;student9;80;0.225243
c.strings.mystrspccmp-1;student25;student44;80;0.355495
c.strings.mystrspccmp-1;student33;student44;80;0.236735
c.strings.mystrspccmp-1;student33;student40;80;0.295796
c.strings.mystrspccmp-1;student17;student50;80;0.27907
c.strings.mystrspccmp-1;student50;student23;80;0.394148
c.strings.mystrspccmp-1;student21;student50;80;0.311987
c.strings.mystrspccmp-1;student14;student50;80;0.240126
c.strings.mystrspccmp-1;student51;student14;80;0.232479
c.strings.mystrspccmp-1;student48;student4;80;0.272866
c.strings.mystrspccmp-1;student48;student2;80;0.316794
c.strings.mystrspccmp-1;student48;student21;80;0.294964
c.strings.mystrspccmp-1;student48;student3;80;0.287407
c.strings.mystrspccmp-1;student48;student1;80;0.315589
c.strings.mystrspccmp-1;student48;student5;80;0.316794
c.strings.mystrspccmp-1;student55;student51;81;0.382759
c.strings.mystrspccmp-1;student55;student30;81;0.325497
c.strings.mystrspccmp-1;student49;student20;81;0.290553
c.strings.mystrspccmp-1;student39;student50;81;0.304897
c.strings.mystrspccmp-1;student19;student49;81;0.290553
c.strings.mystrspccmp-1;student51;student10;81;0.25265
c.strings.mystrspccmp-1;student51;student49;81;0.262987
c.strings.mystrspccmp-1;student51;student12;81;0.25265
c.strings.mystrspccmp-1;student44;student21;81;0.237197
c.strings.mystrspccmp-1;student40;student14;81;0.273163
c.strings.mystrspccmp-1;student54;student53;81;0.490099
c.strings.mystrspccmp-1;student54;student43;81;0.381366
c.strings.mystrspccmp-1;student55;student31;81;0.325497
c.strings.mystrspccmp-1;student45;student44;81;0.394567
c.strings.mystrspccmp-1;student48;student23;81;0.327035
c.strings.mystrspccmp-1;student48;student50;81;0.316227
c.strings.mystrspccmp-1;student48;student7;81;0.311069
c.strings.mystrspccmp-1;student48;student39;81;0.414599
c.strings.mystrspccmp-1;student48;student37;81;0.296928
c.strings.mystrspccmp-1;student55;student49;82;0.260125
c.strings.mystrspccmp-1;student18;student40;82;0.247508
c.strings.mystrspccmp-1;student52;student39;82;0.336158
c.strings.mystrspccmp-1;student52;student45;82;0.372497
c.strings.mystrspccmp-1;student55;student5;82;0.277559
c.strings.mystrspccmp-1;student55;student1;82;0.298387
c.strings.mystrspccmp-1;student55;student7;82;0.308911
c.strings.mystrspccmp-1;student55;student3;82;0.248598
c.strings.mystrspccmp-1;student55;student2;82;0.294355
c.strings.mystrspccmp-1;student55;student4;82;0.223301
c.strings.mystrspccmp-1;student44;student1;82;0.392954
c.strings.mystrspccmp-1;student6;student44;82;0.201991
c.strings.mystrspccmp-1;student6;student55;82;0.248598
c.strings.mystrspccmp-1;student55;student19;82;0.259962
c.strings.mystrspccmp-1;student55;student20;82;0.259962
c.strings.mystrspccmp-1;student17;student40;82;0.353698
c.strings.mystrspccmp-1;student5;student44;82;0.391304
c.strings.mystrspccmp-1;student40;student50;82;0.332834
c.strings.mystrspccmp-1;student53;student50;82;0.319519
c.strings.mystrspccmp-1;student36;student50;82;0.333333
c.strings.mystrspccmp-1;student15;student49;82;0.342767
c.strings.mystrspccmp-1;student44;student14;82;0.186464
c.strings.mystrspccmp-1;student44;student3;82;0.200284
c.strings.mystrspccmp-1;student44;student2;82;0.392954
c.strings.mystrspccmp-1;student44;student4;82;0.376374
c.strings.mystrspccmp-1;student51;student28;82;0.290493
c.strings.mystrspccmp-1;student16;student49;82;0.342767
c.strings.mystrspccmp-1;student48;student9;82;0.267776
c.strings.mystrspccmp-1;student17;student44;83;0.414918
c.strings.mystrspccmp-1;student34;student53;83;0.211414
c.strings.mystrspccmp-1;student40;student34;83;0.268477
c.strings.mystrspccmp-1;student44;student47;83;0.254351
c.strings.mystrspccmp-1;student25;student53;83;0.290055
c.strings.mystrspccmp-1;student45;student43;83;0.518807
c.strings.mystrspccmp-1;student52;student46;83;0.43379
c.strings.mystrspccmp-1;student52;student40;83;0.315417
c.strings.mystrspccmp-1;student52;student47;83;0.43379
c.strings.mystrspccmp-1;student42;student54;83;0.444581
c.strings.mystrspccmp-1;student18;student55;83;0.278689
c.strings.mystrspccmp-1;student55;student23;83;0.338318
c.strings.mystrspccmp-1;student44;student7;83;0.388587
c.strings.mystrspccmp-1;student44;student46;83;0.254351
c.strings.mystrspccmp-1;student40;student10;83;0.281553
c.strings.mystrspccmp-1;student12;student40;83;0.301459
c.strings.mystrspccmp-1;student51;student9;83;0.241319
c.strings.mystrspccmp-1;student51;student46;83;0.2736
c.strings.mystrspccmp-1;student51;student34;83;0.357724
c.strings.mystrspccmp-1;student51;student40;83;0.258595
c.strings.mystrspccmp-1;student51;student47;83;0.2736
c.strings.mystrspccmp-1;student44;student15;83;0.202216
c.strings.mystrspccmp-1;student16;student44;83;0.201379
c.strings.mystrspccmp-1;student48;student22;83;0.302766
c.strings.mystrspccmp-1;student48;student24;83;0.304221
c.strings.mystrspccmp-1;student42;student41;84;0.419872
c.strings.mystrspccmp-1;student44;student10;84;0.254237
c.strings.mystrspccmp-1;student44;student23;84;0.340942
c.strings.mystrspccmp-1;student39;student53;84;0.368349
c.strings.mystrspccmp-1;student53;student35;84;0.250323
c.strings.mystrspccmp-1;student53;student11;84;0.255405
c.strings.mystrspccmp-1;student12;student44;84;0.254237
c.strings.mystrspccmp-1;student51;student35;84;0.262903
c.strings.mystrspccmp-1;student51;student41;84;0.341693
c.strings.mystrspccmp-1;student51;student21;84;0.214777
c.strings.mystrspccmp-1;student48;student17;84;0.34033
c.strings.mystrspccmp-1;student54;student46;84;0.348898
c.strings.mystrspccmp-1;student29;student44;84;0.253182
c.strings.mystrspccmp-1;student52;student33;84;0.326733
c.strings.mystrspccmp-1;student54;student27;84;0.364676
c.strings.mystrspccmp-1;student54;student26;84;0.364676
c.strings.mystrspccmp-1;student54;student47;84;0.348898
c.strings.mystrspccmp-1;student55;student16;84;0.259191
c.strings.mystrspccmp-1;student55;student15;84;0.259191
c.strings.mystrspccmp-1;student55;student14;84;0.26691
c.strings.mystrspccmp-1;student44;student49;85;0.279292
c.strings.mystrspccmp-1;student43;student49;85;0.532723
c.strings.mystrspccmp-1;student42;student53;85;0.379397
c.strings.mystrspccmp-1;student55;student25;85;0.409171
c.strings.mystrspccmp-1;student44;student11;85;0.269444
c.strings.mystrspccmp-1;student50;student20;85;0.238487
c.strings.mystrspccmp-1;student15;student40;85;0.291798
c.strings.mystrspccmp-1;student19;student50;85;0.237937
c.strings.mystrspccmp-1;student51;student32;85;0.256637
c.strings.mystrspccmp-1;student16;student40;85;0.291798
c.strings.mystrspccmp-1;student48;student32;85;0.384848
c.strings.mystrspccmp-1;student48;student36;85;0.298984
c.strings.mystrspccmp-1;student48;student43;85;0.471033
c.strings.mystrspccmp-1;student13;student40;85;0.254153
c.strings.mystrspccmp-1;student52;student48;85;0.297158
c.strings.mystrspccmp-1;student54;student50;85;0.297264
c.strings.mystrspccmp-1;student54;student49;85;0.295484
c.strings.mystrspccmp-1;student29;student50;85;0.291457
c.strings.mystrspccmp-1;student29;student48;85;0.461656
c.strings.mystrspccmp-1;student42;student39;86;0.349383
c.strings.mystrspccmp-1;student13;student49;86;0.253188
c.strings.mystrspccmp-1;student6;student51;86;0.234568
c.strings.mystrspccmp-1;student42;student48;86;0.310843
c.strings.mystrspccmp-1;student42;student45;86;0.392279
c.strings.mystrspccmp-1;student42;student25;86;0.374512
c.strings.mystrspccmp-1;student42;student47;86;0.432277
c.strings.mystrspccmp-1;student42;student46;86;0.432277
c.strings.mystrspccmp-1;student18;student50;86;0.219472
c.strings.mystrspccmp-1;student5;student51;86;0.249123
c.strings.mystrspccmp-1;student17;student51;86;0.244027
c.strings.mystrspccmp-1;student53;student8;86;0.256588
c.strings.mystrspccmp-1;student51;student4;86;0.234568
c.strings.mystrspccmp-1;student51;student2;86;0.249561
c.strings.mystrspccmp-1;student51;student23;86;0.265734
c.strings.mystrspccmp-1;student51;student3;86;0.234568
c.strings.mystrspccmp-1;student51;student7;86;0.249561
c.strings.mystrspccmp-1;student51;student1;86;0.249123
c.strings.mystrspccmp-1;student44;student24;86;0.236131
c.strings.mystrspccmp-1;student44;student53;86;0.326059
c.strings.mystrspccmp-1;student44;student22;86;0.234708
c.strings.mystrspccmp-1;student54;student39;86;0.508655
c.strings.mystrspccmp-1;student48;student16;86;0.288571
c.strings.mystrspccmp-1;student48;student15;86;0.288571
c.strings.mystrspccmp-1;student55;student39;87;0.268934
c.strings.mystrspccmp-1;student52;student25;87;0.316788
c.strings.mystrspccmp-1;student44;student9;87;0.198551
c.strings.mystrspccmp-1;student49;student53;87;0.315353
c.strings.mystrspccmp-1;student30;student53;87;0.373611
c.strings.mystrspccmp-1;student40;student35;87;0.306333
c.strings.mystrspccmp-1;student37;student53;87;0.316687
c.strings.mystrspccmp-1;student29;student51;87;0.244207
c.strings.mystrspccmp-1;student18;student51;87;0.224199
c.strings.mystrspccmp-1;student48;student20;87;0.268477
c.strings.mystrspccmp-1;student48;student19;87;0.268477
c.strings.mystrspccmp-1;student54;student40;87;0.382166
c.strings.mystrspccmp-1;student54;student25;87;0.28041
c.strings.mystrspccmp-1;student53;student31;87;0.381415
c.strings.mystrspccmp-1;student42;student35;88;0.27474
c.strings.mystrspccmp-1;student42;student38;88;0.329218
c.strings.mystrspccmp-1;student18;student44;88;0.214586
c.strings.mystrspccmp-1;student43;student38;88;0.41129
c.strings.mystrspccmp-1;student55;student38;88;0.228654
c.strings.mystrspccmp-1;student13;student55;88;0.209804
c.strings.mystrspccmp-1;student13;student51;88;0.249097
c.strings.mystrspccmp-1;student52;student51;88;0.345997
c.strings.mystrspccmp-1;student52;student21;88;0.267728
c.strings.mystrspccmp-1;student55;student26;88;0.33665
c.strings.mystrspccmp-1;student55;student27;88;0.33665
c.strings.mystrspccmp-1;student51;student15;88;0.21229
c.strings.mystrspccmp-1;student16;student51;88;0.21229
c.strings.mystrspccmp-1;student40;student32;89;0.290909
c.strings.mystrspccmp-1;student42;student33;89;0.246784
c.strings.mystrspccmp-1;student43;student47;89;0.362667
c.strings.mystrspccmp-1;student43;student53;89;0.462532
c.strings.mystrspccmp-1;student43;student46;89;0.362667
c.strings.mystrspccmp-1;student53;student27;89;0.276042
c.strings.mystrspccmp-1;student26;student53;89;0.281207
c.strings.mystrspccmp-1;student48;student53;89;0.327206
c.strings.mystrspccmp-1;student13;student50;89;0.230769
c.strings.mystrspccmp-1;student52;student26;89;0.329184
c.strings.mystrspccmp-1;student52;student27;89;0.329184
c.strings.mystrspccmp-1;student42;student37;89;0.312429
c.strings.mystrspccmp-1;student42;student40;89;0.384298
c.strings.mystrspccmp-1;student48;student14;89;0.317109
c.strings.mystrspccmp-1;student48;student51;89;0.262712
c.strings.mystrspccmp-1;student54;student38;89;0.378109
c.strings.mystrspccmp-1;student55;student44;90;0.428571
c.strings.mystrspccmp-1;student52;student43;90;0.369483
c.strings.mystrspccmp-1;student52;student37;90;0.241618
c.strings.mystrspccmp-1;student42;student26;90;0.381071
c.strings.mystrspccmp-1;student42;student27;90;0.381071
c.strings.mystrspccmp-1;student42;student21;90;0.354167
c.strings.mystrspccmp-1;student55;student48;90;0.263675
c.strings.mystrspccmp-1;student44;student20;90;0.214388
c.strings.mystrspccmp-1;student24;student53;90;0.252747
c.strings.mystrspccmp-1;student40;student53;90;0.349398
c.strings.mystrspccmp-1;student19;student44;90;0.214388
c.strings.mystrspccmp-1;student12;student53;90;0.261644
c.strings.mystrspccmp-1;student53;student21;90;0.230874
c.strings.mystrspccmp-1;student53;student22;90;0.252747
c.strings.mystrspccmp-1;student53;student10;90;0.261644
c.strings.mystrspccmp-1;student53;student28;90;0.324476
c.strings.mystrspccmp-1;student40;student36;91;0.237654
c.strings.mystrspccmp-1;student52;student53;91;0.260599
c.strings.mystrspccmp-1;student42;student30;91;0.349788
c.strings.mystrspccmp-1;student42;student31;91;0.349788
c.strings.mystrspccmp-1;student43;student37;91;0.337995
c.strings.mystrspccmp-1;student43;student50;91;0.319481
c.strings.mystrspccmp-1;student42;student34;92;0.247645
c.strings.mystrspccmp-1;student17;student53;92;0.329593
c.strings.mystrspccmp-1;student15;student53;92;0.235988
c.strings.mystrspccmp-1;student51;student20;92;0.229682
c.strings.mystrspccmp-1;student51;student19;92;0.229682
c.strings.mystrspccmp-1;student16;student53;92;0.235988
c.strings.mystrspccmp-1;student48;student44;92;0.337957
c.strings.mystrspccmp-1;student52;student36;92;0.278014
c.strings.mystrspccmp-1;student52;student55;92;0.376011
c.strings.mystrspccmp-1;student52;student12;92;0.287187
c.strings.mystrspccmp-1;student52;student10;92;0.287187
c.strings.mystrspccmp-1;student52;student11;92;0.260174
c.strings.mystrspccmp-1;student1;student53;93;0.252101
c.strings.mystrspccmp-1;student25;student43;93;0.389961
c.strings.mystrspccmp-1;student55;student40;93;0.266667
c.strings.mystrspccmp-1;student55;student53;93;0.245614
c.strings.mystrspccmp-1;student53;student3;93;0.233146
c.strings.mystrspccmp-1;student53;student9;93;0.235211
c.strings.mystrspccmp-1;student53;student2;93;0.254213
c.strings.mystrspccmp-1;student53;student4;93;0.233146
c.strings.mystrspccmp-1;student14;student53;93;0.226287
c.strings.mystrspccmp-1;student5;student53;93;0.24507
c.strings.mystrspccmp-1;student52;student17;93;0.260417
c.strings.mystrspccmp-1;student43;student41;93;0.497942
c.strings.mystrspccmp-1;student6;student53;93;0.233146
c.strings.mystrspccmp-1;student13;student48;93;0.251582
c.strings.mystrspccmp-1;student52;student24;93;0.400888
c.strings.mystrspccmp-1;student52;student22;93;0.400888
c.strings.mystrspccmp-1;student52;student28;93;0.28692
c.strings.mystrspccmp-1;student18;student48;93;0.269817
c.strings.mystrspccmp-1;student42;student17;94;0.2886
c.strings.mystrspccmp-1;student44;student36;94;0.21457
c.strings.mystrspccmp-1;student7;student53;94;0.246132
c.strings.mystrspccmp-1;student51;student53;94;0.281818
c.strings.mystrspccmp-1;student52;student30;94;0.274399
c.strings.mystrspccmp-1;student52;student31;94;0.274399
c.strings.mystrspccmp-1;student43;student26;94;0.413665
c.strings.mystrspccmp-1;student43;student27;94;0.413665
c.strings.mystrspccmp-1;student13;student44;95;0.16
c.strings.mystrspccmp-1;student52;student29;95;0.272997
c.strings.mystrspccmp-1;student52;student9;95;0.255673
c.strings.mystrspccmp-1;student44;student32;96;0.203103
c.strings.mystrspccmp-1;student42;student32;96;0.304102
c.strings.mystrspccmp-1;student42;student9;96;0.295082
c.strings.mystrspccmp-1;student42;student36;96;0.344504
c.strings.mystrspccmp-1;student42;student11;96;0.355263
c.strings.mystrspccmp-1;student33;student53;96;0.258312
c.strings.mystrspccmp-1;student54;student33;96;0.334577
c.strings.mystrspccmp-1;student43;student40;97;0.393333
c.strings.mystrspccmp-1;student29;student42;97;0.330472
c.strings.mystrspccmp-1;student52;student32;97;0.25
c.strings.mystrspccmp-1;student42;student51;97;0.262745
c.strings.mystrspccmp-1;student42;student28;97;0.337466
c.strings.mystrspccmp-1;student54;student51;97;0.302239
c.strings.mystrspccmp-1;student53;student32;98;0.236111
c.strings.mystrspccmp-1;student53;student36;98;0.24106
c.strings.mystrspccmp-1;student54;student35;98;0.296534
c.strings.mystrspccmp-1;student54;student34;98;0.207407
c.strings.mystrspccmp-1;student29;student53;98;0.328967
c.strings.mystrspccmp-1;student52;student8;98;0.260677
c.strings.mystrspccmp-1;student43;student39;99;0.351648
c.strings.mystrspccmp-1;student52;student14;99;0.256776
c.strings.mystrspccmp-1;student42;student12;99;0.360284
c.strings.mystrspccmp-1;student42;student10;99;0.360284
c.strings.mystrspccmp-1;student43;student30;99;0.355102
c.strings.mystrspccmp-1;student43;student31;99;0.355102
c.strings.mystrspccmp-1;student43;student11;99;0.327698
c.strings.mystrspccmp-1;student52;student23;100;0.290133
c.strings.mystrspccmp-1;student42;student24;100;0.340659
c.strings.mystrspccmp-1;student42;student22;100;0.339286
c.strings.mystrspccmp-1;student42;student8;100;0.359354
c.strings.mystrspccmp-1;student18;student53;100;0.242938
c.strings.mystrspccmp-1;student53;student23;100;0.33239
c.strings.mystrspccmp-1;student54;student44;100;0.334511
c.strings.mystrspccmp-1;student42;student44;101;0.325898
c.strings.mystrspccmp-1;student54;student11;101;0.242894
c.strings.mystrspccmp-1;student54;student30;101;0.286452
c.strings.mystrspccmp-1;student54;student37;101;0.270208
c.strings.mystrspccmp-1;student54;student31;101;0.286452
c.strings.mystrspccmp-1;student33;student43;102;0.27654
c.strings.mystrspccmp-1;student52;student5;102;0.279211
c.strings.mystrspccmp-1;student52;student1;102;0.28593
c.strings.mystrspccmp-1;student52;student3;102;0.279762
c.strings.mystrspccmp-1;student52;student2;102;0.281392
c.strings.mystrspccmp-1;student52;student4;102;0.260337
c.strings.mystrspccmp-1;student6;student52;102;0.279762
c.strings.mystrspccmp-1;student13;student53;103;0.231092
c.strings.mystrspccmp-1;student52;student7;103;0.281392
c.strings.mystrspccmp-1;student42;student14;103;0.272109
c.strings.mystrspccmp-1;student53;student20;103;0.224209
c.strings.mystrspccmp-1;student19;student53;103;0.223901
c.strings.mystrspccmp-1;student54;student10;103;0.260927
c.strings.mystrspccmp-1;student54;student14;103;0.247059
c.strings.mystrspccmp-1;student54;student12;103;0.260927
c.strings.mystrspccmp-1;student42;student55;104;0.287193
c.strings.mystrspccmp-1;student43;student51;104;0.251316
c.strings.mystrspccmp-1;student43;student12;104;0.328276
c.strings.mystrspccmp-1;student43;student10;104;0.328276
c.strings.mystrspccmp-1;student43;student35;105;0.318766
c.strings.mystrspccmp-1;student52;student18;105;0.219259
c.strings.mystrspccmp-1;student42;student5;105;0.243165
c.strings.mystrspccmp-1;student42;student1;105;0.266764
c.strings.mystrspccmp-1;student42;student3;105;0.26338
c.strings.mystrspccmp-1;student42;student2;105;0.245337
c.strings.mystrspccmp-1;student42;student4;105;0.244928
c.strings.mystrspccmp-1;student6;student42;105;0.263752
c.strings.mystrspccmp-1;student52;student16;105;0.212034
c.strings.mystrspccmp-1;student52;student15;105;0.212034
c.strings.mystrspccmp-1;student43;student8;105;0.349462
c.strings.mystrspccmp-1;student54;student22;105;0.334239
c.strings.mystrspccmp-1;student54;student36;105;0.276178
c.strings.mystrspccmp-1;student54;student24;105;0.335598
c.strings.mystrspccmp-1;student52;student19;106;0.25731
c.strings.mystrspccmp-1;student52;student20;106;0.25731
c.strings.mystrspccmp-1;student42;student7;106;0.242468
c.strings.mystrspccmp-1;student54;student28;106;0.301546
c.strings.mystrspccmp-1;student54;student32;106;0.266404
c.strings.mystrspccmp-1;student54;student55;106;0.245881
c.strings.mystrspccmp-1;student13;student52;107;0.263158
c.strings.mystrspccmp-1;student42;student23;107;0.362259
c.strings.mystrspccmp-1;student54;student21;107;0.270777
c.strings.mystrspccmp-1;student42;student18;108;0.309264
c.strings.mystrspccmp-1;student54;student8;108;0.290885
c.strings.mystrspccmp-1;student43;student44;109;0.334554
c.strings.mystrspccmp-1;student43;student28;109;0.362797
c.strings.mystrspccmp-1;student42;student16;110;0.27673
c.strings.mystrspccmp-1;student42;student15;110;0.27673
c.strings.mystrspccmp-1;student43;student21;110;0.355649
c.strings.mystrspccmp-1;student54;student23;110;0.295238
c.strings.mystrspccmp-1;student43;student1;111;0.25641
c.strings.mystrspccmp-1;student43;student34;111;0.245059
c.strings.mystrspccmp-1;student43;student2;111;0.273381
c.strings.mystrspccmp-1;student43;student4;111;0.241429
c.strings.mystrspccmp-1;student5;student43;111;0.256484
c.strings.mystrspccmp-1;student6;student43;111;0.255201
c.strings.mystrspccmp-1;student6;student54;111;0.259209
c.strings.mystrspccmp-1;student42;student19;111;0.23488
c.strings.mystrspccmp-1;student42;student20;111;0.23488
c.strings.mystrspccmp-1;student43;student24;111;0.363636
c.strings.mystrspccmp-1;student43;student3;111;0.255556
c.strings.mystrspccmp-1;student43;student9;111;0.275362
c.strings.mystrspccmp-1;student43;student22;111;0.363636
c.strings.mystrspccmp-1;student54;student4;111;0.259209
c.strings.mystrspccmp-1;student54;student2;111;0.267473
c.strings.mystrspccmp-1;student54;student9;111;0.243572
c.strings.mystrspccmp-1;student54;student3;111;0.259209
c.strings.mystrspccmp-1;student54;student1;111;0.266756
c.strings.mystrspccmp-1;student54;student17;111;0.279739
c.strings.mystrspccmp-1;student54;student5;111;0.267473
c.strings.mystrspccmp-1;student43;student32;112;0.325318
c.strings.mystrspccmp-1;student17;student43;112;0.310638
c.strings.mystrspccmp-1;student13;student42;112;0.305433
c.strings.mystrspccmp-1;student43;student7;112;0.270504
c.strings.mystrspccmp-1;student54;student7;112;0.267473
c.strings.mystrspccmp-1;student29;student54;112;0.286685
c.strings.mystrspccmp-1;student55;student43;113;0.308354
c.strings.mystrspccmp-1;student43;student36;114;0.322368
c.strings.mystrspccmp-1;student54;student16;114;0.234501
c.strings.mystrspccmp-1;student54;student15;114;0.234501
c.strings.mystrspccmp-1;student43;student14;115;0.409091
c.strings.mystrspccmp-1;student29;student43;116;0.315417
c.strings.mystrspccmp-1;student13;student54;116;0.236486
c.strings.mystrspccmp-1;student54;student18;117;0.197875
c.strings.mystrspccmp-1;student43;student15;117;0.296534
c.strings.mystrspccmp-1;student16;student43;117;0.295396
c.strings.mystrspccmp-1;student43;student23;119;0.380495
c.strings.mystrspccmp-1;student54;student20;119;0.246914
c.strings.mystrspccmp-1;student54;student19;119;0.246914
c.strings.mystrspccmp-1;student18;student43;120;0.311724
c.strings.mystrspccmp-1;student13;student43;124;0.287373
c.strings.mystrspccmp-1;student43;student19;124;0.23783
c.strings.mystrspccmp-1;student43;student20;124;0.23783
