c.floats.uint-fit-1;student1;student2;4;0.70696
c.floats.uint-fit-1;student3;student4;7;0.646465
c.floats.uint-fit-1;student5;student6;9;0.751773
c.floats.uint-fit-1;student7;student8;9;0.683292
c.floats.uint-fit-1;student8;student9;10;0.713235
c.floats.uint-fit-1;student10;student11;10;0.560886
c.floats.uint-fit-1;student7;student9;11;0.638298
c.floats.uint-fit-1;student12;student13;12;0.603175
c.floats.uint-fit-1;student14;student15;12;0.648
c.floats.uint-fit-1;student11;student3;13;0.626609
c.floats.uint-fit-1;student16;student17;14;0.737226
c.floats.uint-fit-1;student2;student18;14;0.612245
c.floats.uint-fit-1;student10;student3;15;0.389241
c.floats.uint-fit-1;student11;student4;16;0.463964
c.floats.uint-fit-1;student1;student13;16;0.608696
c.floats.uint-fit-1;student2;student14;16;0.543933
c.floats.uint-fit-1;student2;student16;16;0.568182
c.floats.uint-fit-1;student2;student13;16;0.526646
c.floats.uint-fit-1;student1;student15;17;0.552124
c.floats.uint-fit-1;student1;student18;17;0.718487
c.floats.uint-fit-1;student19;student17;17;0.524155
c.floats.uint-fit-1;student16;student6;17;0.598039
c.floats.uint-fit-1;student10;student15;17;0.518248
c.floats.uint-fit-1;student1;student14;17;0.603448
c.floats.uint-fit-1;student1;student16;17;0.410909
c.floats.uint-fit-1;student15;student20;18;0.575758
c.floats.uint-fit-1;student1;student21;18;0.604651
c.floats.uint-fit-1;student1;student12;18;0.546763
c.floats.uint-fit-1;student10;student1;18;0.617329
c.floats.uint-fit-1;student10;student4;18;0.373494
c.floats.uint-fit-1;student18;student16;18;0.654135
c.floats.uint-fit-1;student15;student13;18;0.521898
c.floats.uint-fit-1;student2;student12;19;0.505747
c.floats.uint-fit-1;student22;student7;19;0.687805
c.floats.uint-fit-1;student18;student14;19;0.65272
c.floats.uint-fit-1;student2;student21;20;0.571429
c.floats.uint-fit-1;student2;student15;20;0.492754
c.floats.uint-fit-1;student23;student12;20;0.663743
c.floats.uint-fit-1;student2;student6;20;0.516418
c.floats.uint-fit-1;student14;student6;20;0.472414
c.floats.uint-fit-1;student10;student2;20;0.560554
c.floats.uint-fit-1;student10;student14;20;0.468254
c.floats.uint-fit-1;student12;student17;21;0.623342
c.floats.uint-fit-1;student2;student17;21;0.291028
c.floats.uint-fit-1;student11;student2;21;0.494297
c.floats.uint-fit-1;student11;student14;21;0.524194
c.floats.uint-fit-1;student1;student6;21;0.550769
c.floats.uint-fit-1;student1;student17;21;0.373134
c.floats.uint-fit-1;student23;student13;21;0.639676
c.floats.uint-fit-1;student24;student4;21;0.373684
c.floats.uint-fit-1;student14;student13;21;0.465517
c.floats.uint-fit-1;student15;student21;22;0.564576
c.floats.uint-fit-1;student22;student8;22;0.635697
c.floats.uint-fit-1;student11;student15;22;0.412811
c.floats.uint-fit-1;student5;student2;22;0.489286
c.floats.uint-fit-1;student10;student16;22;0.496403
c.floats.uint-fit-1;student11;student13;22;0.50519
c.floats.uint-fit-1;student15;student3;22;0.334405
c.floats.uint-fit-1;student16;student20;22;0.673152
c.floats.uint-fit-1;student14;student16;22;0.585551
c.floats.uint-fit-1;student1;student5;23;0.525735
c.floats.uint-fit-1;student22;student9;23;0.664303
c.floats.uint-fit-1;student25;student8;23;0.587054
c.floats.uint-fit-1;student10;student20;23;0.516245
c.floats.uint-fit-1;student10;student24;23;0.377698
c.floats.uint-fit-1;student10;student13;23;0.586885
c.floats.uint-fit-1;student5;student14;23;0.686047
c.floats.uint-fit-1;student15;student4;23;0.370518
c.floats.uint-fit-1;student17;student13;23;0.555866
c.floats.uint-fit-1;student26;student12;24;0.501529
c.floats.uint-fit-1;student5;student18;24;0.596429
c.floats.uint-fit-1;student1;student20;24;0.566038
c.floats.uint-fit-1;student11;student24;24;0.425439
c.floats.uint-fit-1;student11;student1;24;0.561069
c.floats.uint-fit-1;student18;student6;24;0.483108
c.floats.uint-fit-1;student20;student17;24;0.621451
c.floats.uint-fit-1;student3;student20;24;0.339623
c.floats.uint-fit-1;student19;student20;24;0.521236
c.floats.uint-fit-1;student10;student18;24;0.527559
c.floats.uint-fit-1;student5;student16;24;0.586081
c.floats.uint-fit-1;student25;student7;24;0.547826
c.floats.uint-fit-1;student23;student27;24;0.521073
c.floats.uint-fit-1;student24;student3;24;0.446721
c.floats.uint-fit-1;student20;student21;25;0.503546
c.floats.uint-fit-1;student12;student27;25;0.473154
c.floats.uint-fit-1;student19;student12;25;0.480769
c.floats.uint-fit-1;student15;student12;25;0.578313
c.floats.uint-fit-1;student24;student15;25;0.377953
c.floats.uint-fit-1;student3;student13;25;0.380822
c.floats.uint-fit-1;student14;student17;25;0.44186
c.floats.uint-fit-1;student2;student3;25;0.395604
c.floats.uint-fit-1;student14;student3;25;0.433884
c.floats.uint-fit-1;student18;student21;26;0.343096
c.floats.uint-fit-1;student5;student15;26;0.586716
c.floats.uint-fit-1;student18;student15;26;0.478927
c.floats.uint-fit-1;student2;student20;26;0.512727
c.floats.uint-fit-1;student25;student9;26;0.50211
c.floats.uint-fit-1;student10;student6;26;0.464912
c.floats.uint-fit-1;student10;student28;26;0.525974
c.floats.uint-fit-1;student11;student16;26;0.391459
c.floats.uint-fit-1;student18;student13;26;0.531915
c.floats.uint-fit-1;student19;student13;26;0.459075
c.floats.uint-fit-1;student27;student13;26;0.504823
c.floats.uint-fit-1;student16;student19;26;0.705882
c.floats.uint-fit-1;student1;student3;27;0.386139
c.floats.uint-fit-1;student15;student6;27;0.65
c.floats.uint-fit-1;student26;student13;27;0.317241
c.floats.uint-fit-1;student4;student20;27;0.36194
c.floats.uint-fit-1;student4;student13;27;0.331522
c.floats.uint-fit-1;student21;student13;27;0.558442
c.floats.uint-fit-1;student14;student21;27;0.327273
c.floats.uint-fit-1;student29;student2;27;0.514056
c.floats.uint-fit-1;student14;student20;27;0.43295
c.floats.uint-fit-1;student18;student17;27;0.474747
c.floats.uint-fit-1;student14;student4;27;0.406639
c.floats.uint-fit-1;student14;student12;27;0.528926
c.floats.uint-fit-1;student29;student21;28;0.451493
c.floats.uint-fit-1;student29;student15;28;0.478431
c.floats.uint-fit-1;student29;student20;28;0.521912
c.floats.uint-fit-1;student11;student20;28;0.333333
c.floats.uint-fit-1;student11;student12;28;0.43617
c.floats.uint-fit-1;student11;student18;28;0.392308
c.floats.uint-fit-1;student10;student17;28;0.33617
c.floats.uint-fit-1;student10;student19;28;0.282609
c.floats.uint-fit-1;student10;student5;28;0.384083
c.floats.uint-fit-1;student1;student28;28;0.58
c.floats.uint-fit-1;student25;student22;28;0.547974
c.floats.uint-fit-1;student2;student4;28;0.401674
c.floats.uint-fit-1;student14;student30;28;0.412844
c.floats.uint-fit-1;student15;student16;28;0.524164
c.floats.uint-fit-1;student15;student19;28;0.417582
c.floats.uint-fit-1;student20;student13;28;0.436823
c.floats.uint-fit-1;student16;student13;28;0.450549
c.floats.uint-fit-1;student16;student21;28;0.424561
c.floats.uint-fit-1;student16;student28;28;0.56314
c.floats.uint-fit-1;student24;student20;29;0.43083
c.floats.uint-fit-1;student1;student29;29;0.57551
c.floats.uint-fit-1;student1;student24;29;0.432331
c.floats.uint-fit-1;student1;student19;29;0.319066
c.floats.uint-fit-1;student6;student17;29;0.535912
c.floats.uint-fit-1;student10;student12;29;0.456204
c.floats.uint-fit-1;student1;student4;29;0.363636
c.floats.uint-fit-1;student1;student30;29;0.513932
c.floats.uint-fit-1;student5;student30;29;0.478814
c.floats.uint-fit-1;student24;student13;29;0.421769
c.floats.uint-fit-1;student2;student28;29;0.334365
c.floats.uint-fit-1;student28;student6;29;0.472222
c.floats.uint-fit-1;student6;student30;29;0.580737
c.floats.uint-fit-1;student16;student3;29;0.298413
c.floats.uint-fit-1;student14;student28;29;0.314189
c.floats.uint-fit-1;student17;student21;30;0.467049
c.floats.uint-fit-1;student12;student21;30;0.498069
c.floats.uint-fit-1;student28;student21;30;0.474359
c.floats.uint-fit-1;student15;student17;30;0.524845
c.floats.uint-fit-1;student11;student17;30;0.210959
c.floats.uint-fit-1;student11;student6;30;0.35942
c.floats.uint-fit-1;student11;student19;30;0.319502
c.floats.uint-fit-1;student10;student21;30;0.410256
c.floats.uint-fit-1;student2;student30;30;0.254957
c.floats.uint-fit-1;student18;student19;30;0.435798
c.floats.uint-fit-1;student18;student30;30;0.314286
c.floats.uint-fit-1;student15;student30;30;0.666667
c.floats.uint-fit-1;student13;student30;30;0.368732
c.floats.uint-fit-1;student31;student32;30;0.446009
c.floats.uint-fit-1;student17;student27;31;0.247956
c.floats.uint-fit-1;student3;student21;31;0.348901
c.floats.uint-fit-1;student6;student20;31;0.4625
c.floats.uint-fit-1;student28;student20;31;0.516234
c.floats.uint-fit-1;student18;student20;31;0.503788
c.floats.uint-fit-1;student18;student12;31;0.567901
c.floats.uint-fit-1;student2;student27;31;0.410095
c.floats.uint-fit-1;student29;student18;31;0.615079
c.floats.uint-fit-1;student24;student21;31;0.425606
c.floats.uint-fit-1;student24;student26;31;0.319876
c.floats.uint-fit-1;student1;student27;31;0.505119
c.floats.uint-fit-1;student11;student5;31;0.346021
c.floats.uint-fit-1;student5;student28;31;0.488372
c.floats.uint-fit-1;student5;student17;31;0.34252
c.floats.uint-fit-1;student23;student19;31;0.438889
c.floats.uint-fit-1;student29;student14;31;0.525896
c.floats.uint-fit-1;student29;student16;31;0.585551
c.floats.uint-fit-1;student18;student28;31;0.551724
c.floats.uint-fit-1;student18;student3;31;0.395522
c.floats.uint-fit-1;student6;student13;31;0.436747
c.floats.uint-fit-1;student12;student3;31;0.315385
c.floats.uint-fit-1;student12;student20;31;0.442804
c.floats.uint-fit-1;student12;student30;31;0.360606
c.floats.uint-fit-1;student18;student27;32;0.612903
c.floats.uint-fit-1;student5;student29;32;0.578358
c.floats.uint-fit-1;student5;student20;32;0.465704
c.floats.uint-fit-1;student28;student17;32;0.564748
c.floats.uint-fit-1;student11;student28;32;0.317073
c.floats.uint-fit-1;student1;student32;32;0.44
c.floats.uint-fit-1;student2;student19;32;0.359517
c.floats.uint-fit-1;student32;student28;32;0.491228
c.floats.uint-fit-1;student24;student14;32;0.317391
c.floats.uint-fit-1;student19;student30;32;0.388406
c.floats.uint-fit-1;student20;student30;32;0.538226
c.floats.uint-fit-1;student16;student27;32;0.43686
c.floats.uint-fit-1;student16;student4;32;0.395018
c.floats.uint-fit-1;student16;student12;32;0.529183
c.floats.uint-fit-1;student14;student19;32;0.419355
c.floats.uint-fit-1;student15;student26;33;0.292605
c.floats.uint-fit-1;student24;student12;33;0.263158
c.floats.uint-fit-1;student1;student23;33;0.46875
c.floats.uint-fit-1;student33;student34;33;0.281513
c.floats.uint-fit-1;student10;student23;33;0.40458
c.floats.uint-fit-1;student10;student30;33;0.261745
c.floats.uint-fit-1;student5;student13;33;0.396429
c.floats.uint-fit-1;student24;student2;33;0.340741
c.floats.uint-fit-1;student23;student17;33;0.409357
c.floats.uint-fit-1;student23;student26;33;0.347181
c.floats.uint-fit-1;student23;student15;33;0.412451
c.floats.uint-fit-1;student15;student28;33;0.539474
c.floats.uint-fit-1;student32;student18;33;0.296636
c.floats.uint-fit-1;student32;student2;33;0.370166
c.floats.uint-fit-1;student23;student14;33;0.497758
c.floats.uint-fit-1;student28;student30;33;0.444444
c.floats.uint-fit-1;student6;student3;33;0.356589
c.floats.uint-fit-1;student12;student4;33;0.384181
c.floats.uint-fit-1;student17;student30;33;0.433428
c.floats.uint-fit-1;student16;student30;33;0.482759
c.floats.uint-fit-1;student4;student21;34;0.343284
c.floats.uint-fit-1;student11;student21;34;0.320946
c.floats.uint-fit-1;student11;student26;34;0.220183
c.floats.uint-fit-1;student11;student23;34;0.360153
c.floats.uint-fit-1;student10;student29;34;0.358779
c.floats.uint-fit-1;student5;student3;34;0.384892
c.floats.uint-fit-1;student29;student28;34;0.486395
c.floats.uint-fit-1;student32;student14;34;0.339623
c.floats.uint-fit-1;student32;student16;34;0.429134
c.floats.uint-fit-1;student32;student30;34;0.487106
c.floats.uint-fit-1;student23;student16;34;0.430233
c.floats.uint-fit-1;student23;student3;34;0.301837
c.floats.uint-fit-1;student23;student30;34;0.389058
c.floats.uint-fit-1;student24;student16;34;0.335878
c.floats.uint-fit-1;student29;student3;34;0.327402
c.floats.uint-fit-1;student29;student30;34;0.438849
c.floats.uint-fit-1;student18;student4;34;0.413655
c.floats.uint-fit-1;student35;student30;34;0.408805
c.floats.uint-fit-1;student21;student30;34;0.423423
c.floats.uint-fit-1;student3;student17;35;0.420082
c.floats.uint-fit-1;student6;student21;35;0.423631
c.floats.uint-fit-1;student6;student12;35;0.544218
c.floats.uint-fit-1;student23;student18;35;0.504348
c.floats.uint-fit-1;student1;student26;35;0.302395
c.floats.uint-fit-1;student36;student33;35;0.37069
c.floats.uint-fit-1;student11;student29;35;0.345865
c.floats.uint-fit-1;student5;student32;35;0.363077
c.floats.uint-fit-1;student23;student2;35;0.394737
c.floats.uint-fit-1;student23;student28;35;0.375394
c.floats.uint-fit-1;student28;student19;35;0.438776
c.floats.uint-fit-1;student32;student21;35;0.45584
c.floats.uint-fit-1;student28;student13;35;0.408946
c.floats.uint-fit-1;student27;student30;35;0.31307
c.floats.uint-fit-1;student14;student26;35;0.349515
c.floats.uint-fit-1;student29;student6;35;0.481356
c.floats.uint-fit-1;student29;student17;35;0.365217
c.floats.uint-fit-1;student29;student13;35;0.40249
c.floats.uint-fit-1;student2;student26;36;0.262537
c.floats.uint-fit-1;student29;student37;36;0.382883
c.floats.uint-fit-1;student23;student20;36;0.383459
c.floats.uint-fit-1;student26;student19;36;0.298343
c.floats.uint-fit-1;student19;student21;36;0.371711
c.floats.uint-fit-1;student32;student15;36;0.51227
c.floats.uint-fit-1;student11;student27;36;0.45749
c.floats.uint-fit-1;student10;student26;36;0.279202
c.floats.uint-fit-1;student10;student32;36;0.385246
c.floats.uint-fit-1;student11;student30;36;0.324022
c.floats.uint-fit-1;student28;student3;36;0.354223
c.floats.uint-fit-1;student6;student4;36;0.30137
c.floats.uint-fit-1;student19;student3;36;0.210227
c.floats.uint-fit-1;student5;student21;37;0.297872
c.floats.uint-fit-1;student5;student12;37;0.376923
c.floats.uint-fit-1;student24;student18;37;0.285124
c.floats.uint-fit-1;student24;student17;37;0.310145
c.floats.uint-fit-1;student26;student6;37;0.442197
c.floats.uint-fit-1;student32;student17;37;0.475936
c.floats.uint-fit-1;student10;student27;37;0.377358
c.floats.uint-fit-1;student36;student28;37;0.310219
c.floats.uint-fit-1;student5;student4;37;0.315217
c.floats.uint-fit-1;student32;student6;37;0.432133
c.floats.uint-fit-1;student32;student13;37;0.369748
c.floats.uint-fit-1;student26;student3;37;0.292876
c.floats.uint-fit-1;student26;student4;37;0.198653
c.floats.uint-fit-1;student26;student20;37;0.314286
c.floats.uint-fit-1;student26;student17;37;0.353919
c.floats.uint-fit-1;student27;student21;37;0.357895
c.floats.uint-fit-1;student19;student27;37;0.291815
c.floats.uint-fit-1;student6;student27;37;0.294643
c.floats.uint-fit-1;student38;student21;37;0.295213
c.floats.uint-fit-1;student28;student38;37;0.341598
c.floats.uint-fit-1;student14;student27;37;0.626214
c.floats.uint-fit-1;student39;student8;37;0.365967
c.floats.uint-fit-1;student28;student27;38;0.331169
c.floats.uint-fit-1;student29;student12;38;0.408
c.floats.uint-fit-1;student23;student21;38;0.289552
c.floats.uint-fit-1;student11;student32;38;0.317003
c.floats.uint-fit-1;student29;student4;38;0.367568
c.floats.uint-fit-1;student28;student12;38;0.559387
c.floats.uint-fit-1;student40;student28;38;0.341289
c.floats.uint-fit-1;student38;student13;38;0.397297
c.floats.uint-fit-1;student31;student28;38;0.379902
c.floats.uint-fit-1;student36;student41;38;0.245333
c.floats.uint-fit-1;student36;student30;38;0.336336
c.floats.uint-fit-1;student23;student6;38;0.380814
c.floats.uint-fit-1;student23;student4;38;0.350785
c.floats.uint-fit-1;student24;student28;38;0.344482
c.floats.uint-fit-1;student24;student6;38;0.293939
c.floats.uint-fit-1;student24;student19;38;0.167614
c.floats.uint-fit-1;student32;student19;38;0.460274
c.floats.uint-fit-1;student15;student27;39;0.307985
c.floats.uint-fit-1;student18;student26;39;0.207792
c.floats.uint-fit-1;student5;student26;39;0.239203
c.floats.uint-fit-1;student5;student23;39;0.34749
c.floats.uint-fit-1;student42;student28;39;0.371859
c.floats.uint-fit-1;student22;student39;39;0.538095
c.floats.uint-fit-1;student35;student17;39;0.394144
c.floats.uint-fit-1;student4;student17;39;0.339181
c.floats.uint-fit-1;student38;student17;39;0.32987
c.floats.uint-fit-1;student43;student34;39;0.519651
c.floats.uint-fit-1;student23;student24;39;0.280335
c.floats.uint-fit-1;student32;student20;39;0.406061
c.floats.uint-fit-1;student37;student30;39;0.344828
c.floats.uint-fit-1;student28;student4;39;0.364583
c.floats.uint-fit-1;student3;student30;39;0.294872
c.floats.uint-fit-1;student26;student21;40;0.336336
c.floats.uint-fit-1;student3;student27;40;0.286174
c.floats.uint-fit-1;student18;student37;40;0.351598
c.floats.uint-fit-1;student5;student24;40;0.269058
c.floats.uint-fit-1;student36;student37;40;0.445629
c.floats.uint-fit-1;student5;student19;40;0.419847
c.floats.uint-fit-1;student42;student40;40;0.503722
c.floats.uint-fit-1;student33;student43;40;0.310924
c.floats.uint-fit-1;student39;student7;40;0.516827
c.floats.uint-fit-1;student39;student9;40;0.491841
c.floats.uint-fit-1;student6;student35;40;0.518957
c.floats.uint-fit-1;student32;student29;40;0.347107
c.floats.uint-fit-1;student32;student23;40;0.362117
c.floats.uint-fit-1;student31;student21;40;0.419048
c.floats.uint-fit-1;student43;student41;40;0.413105
c.floats.uint-fit-1;student37;student28;40;0.319079
c.floats.uint-fit-1;student7;student28;40;0.287532
c.floats.uint-fit-1;student6;student19;40;0.369565
c.floats.uint-fit-1;student19;student4;40;0.391813
c.floats.uint-fit-1;student38;student19;40;0.322917
c.floats.uint-fit-1;student41;student34;40;0.378016
c.floats.uint-fit-1;student8;student16;40;0.390313
c.floats.uint-fit-1;student26;student27;41;0.237705
c.floats.uint-fit-1;student5;student35;41;0.468504
c.floats.uint-fit-1;student42;student22;41;0.480099
c.floats.uint-fit-1;student22;student20;41;0.362468
c.floats.uint-fit-1;student25;student35;41;0.349174
c.floats.uint-fit-1;student24;student29;41;0.316872
c.floats.uint-fit-1;student26;student30;41;0.330357
c.floats.uint-fit-1;student38;student20;41;0.246537
c.floats.uint-fit-1;student16;student35;41;0.314079
c.floats.uint-fit-1;student14;student38;41;0.181818
c.floats.uint-fit-1;student14;student37;41;0.3125
c.floats.uint-fit-1;student18;student38;41;0.173375
c.floats.uint-fit-1;student31;student30;41;0.470588
c.floats.uint-fit-1;student7;student16;41;0.304
c.floats.uint-fit-1;student8;student28;41;0.342037
c.floats.uint-fit-1;student16;student38;41;0.163265
c.floats.uint-fit-1;student16;student26;41;0.261745
c.floats.uint-fit-1;student41;student30;41;0.276353
c.floats.uint-fit-1;student29;student26;42;0.218855
c.floats.uint-fit-1;student29;student19;42;0.412698
c.floats.uint-fit-1;student35;student20;42;0.350598
c.floats.uint-fit-1;student32;student12;42;0.333333
c.floats.uint-fit-1;student10;student36;42;0.284672
c.floats.uint-fit-1;student36;student44;42;0.33698
c.floats.uint-fit-1;student36;student34;42;0.314465
c.floats.uint-fit-1;student5;student41;42;0.301818
c.floats.uint-fit-1;student22;student16;42;0.309091
c.floats.uint-fit-1;student22;student28;42;0.304136
c.floats.uint-fit-1;student45;student7;42;0.471014
c.floats.uint-fit-1;student7;student6;42;0.305288
c.floats.uint-fit-1;student6;student9;42;0.348028
c.floats.uint-fit-1;student28;student9;42;0.293103
c.floats.uint-fit-1;student38;student30;42;0.315934
c.floats.uint-fit-1;student16;student9;42;0.311054
c.floats.uint-fit-1;student37;student21;43;0.271889
c.floats.uint-fit-1;student20;student27;43;0.245734
c.floats.uint-fit-1;student29;student27;43;0.45045
c.floats.uint-fit-1;student46;student47;43;0.482328
c.floats.uint-fit-1;student5;student22;43;0.400735
c.floats.uint-fit-1;student5;student7;43;0.396226
c.floats.uint-fit-1;student5;student8;43;0.297753
c.floats.uint-fit-1;student42;student9;43;0.394472
c.floats.uint-fit-1;student29;student38;43;0.211382
c.floats.uint-fit-1;student7;student20;43;0.356021
c.floats.uint-fit-1;student22;student45;43;0.474057
c.floats.uint-fit-1;student39;student28;43;0.273364
c.floats.uint-fit-1;student18;student35;43;0.298755
c.floats.uint-fit-1;student15;student38;43;0.376374
c.floats.uint-fit-1;student35;student9;43;0.459052
c.floats.uint-fit-1;student38;student12;43;0.285714
c.floats.uint-fit-1;student8;student6;43;0.356201
c.floats.uint-fit-1;student38;student6;43;0.304348
c.floats.uint-fit-1;student14;student35;43;0.413223
c.floats.uint-fit-1;student32;student37;43;0.327586
c.floats.uint-fit-1;student36;student27;43;0.274021
c.floats.uint-fit-1;student11;student38;43;0.264935
c.floats.uint-fit-1;student36;student19;43;0.310526
c.floats.uint-fit-1;student24;student30;43;0.258929
c.floats.uint-fit-1;student5;student27;44;0.444
c.floats.uint-fit-1;student47;student25;44;0.423767
c.floats.uint-fit-1;student47;student35;44;0.41875
c.floats.uint-fit-1;student8;student35;44;0.409091
c.floats.uint-fit-1;student7;student21;44;0.322581
c.floats.uint-fit-1;student2;student37;44;0.228797
c.floats.uint-fit-1;student36;student18;44;0.344978
c.floats.uint-fit-1;student36;student5;44;0.34322
c.floats.uint-fit-1;student48;student36;44;0.324826
c.floats.uint-fit-1;student48;student40;44;0.501044
c.floats.uint-fit-1;student10;student38;44;0.251908
c.floats.uint-fit-1;student36;student32;44;0.254989
c.floats.uint-fit-1;student36;student23;44;0.278788
c.floats.uint-fit-1;student36;student2;44;0.296296
c.floats.uint-fit-1;student31;student7;44;0.417431
c.floats.uint-fit-1;student31;student18;44;0.345725
c.floats.uint-fit-1;student31;student22;44;0.427273
c.floats.uint-fit-1;student31;student36;44;0.420814
c.floats.uint-fit-1;student36;student16;44;0.350394
c.floats.uint-fit-1;student1;student38;44;0.272237
c.floats.uint-fit-1;student5;student38;44;0.186916
c.floats.uint-fit-1;student5;student9;44;0.338462
c.floats.uint-fit-1;student23;student38;44;0.335366
c.floats.uint-fit-1;student32;student44;44;0.451977
c.floats.uint-fit-1;student32;student3;44;0.320293
c.floats.uint-fit-1;student33;student41;44;0.285714
c.floats.uint-fit-1;student22;student21;44;0.334135
c.floats.uint-fit-1;student2;student38;44;0.220812
c.floats.uint-fit-1;student39;student16;44;0.360775
c.floats.uint-fit-1;student37;student17;44;0.374765
c.floats.uint-fit-1;student26;student28;44;0.366972
c.floats.uint-fit-1;student4;student27;44;0.3
c.floats.uint-fit-1;student28;student35;44;0.256858
c.floats.uint-fit-1;student34;student30;44;0.258228
c.floats.uint-fit-1;student4;student30;44;0.308411
c.floats.uint-fit-1;student41;student17;44;0.226994
c.floats.uint-fit-1;student44;student19;44;0.304348
c.floats.uint-fit-1;student24;student27;45;0.182456
c.floats.uint-fit-1;student23;student29;45;0.389121
c.floats.uint-fit-1;student1;student37;45;0.205752
c.floats.uint-fit-1;student36;student21;45;0.283154
c.floats.uint-fit-1;student36;student17;45;0.361169
c.floats.uint-fit-1;student36;student29;45;0.286325
c.floats.uint-fit-1;student11;student36;45;0.416667
c.floats.uint-fit-1;student31;student40;45;0.452436
c.floats.uint-fit-1;student31;student44;45;0.470588
c.floats.uint-fit-1;student31;student14;45;0.397321
c.floats.uint-fit-1;student36;student14;45;0.311628
c.floats.uint-fit-1;student32;student38;45;0.315385
c.floats.uint-fit-1;student32;student22;45;0.324645
c.floats.uint-fit-1;student29;student41;45;0.261905
c.floats.uint-fit-1;student33;student30;45;0.272464
c.floats.uint-fit-1;student7;student35;45;0.351474
c.floats.uint-fit-1;student22;student6;45;0.330211
c.floats.uint-fit-1;student37;student40;45;0.408898
c.floats.uint-fit-1;student37;student19;45;0.261708
c.floats.uint-fit-1;student37;student35;45;0.392405
c.floats.uint-fit-1;student7;student30;45;0.431217
c.floats.uint-fit-1;student41;student6;45;0.337209
c.floats.uint-fit-1;student42;student21;46;0.288945
c.floats.uint-fit-1;student37;student12;46;0.349112
c.floats.uint-fit-1;student37;student20;46;0.304348
c.floats.uint-fit-1;student37;student27;46;0.29771
c.floats.uint-fit-1;student9;student20;46;0.343434
c.floats.uint-fit-1;student1;student7;46;0.356962
c.floats.uint-fit-1;student1;student35;46;0.272727
c.floats.uint-fit-1;student42;student7;46;0.484925
c.floats.uint-fit-1;student42;student8;46;0.354217
c.floats.uint-fit-1;student18;student7;46;0.243386
c.floats.uint-fit-1;student19;student35;46;0.300948
c.floats.uint-fit-1;student2;student35;46;0.231278
c.floats.uint-fit-1;student25;student38;46;0.285714
c.floats.uint-fit-1;student22;student17;46;0.350333
c.floats.uint-fit-1;student43;student28;46;0.237136
c.floats.uint-fit-1;student32;student27;46;0.223958
c.floats.uint-fit-1;student32;student7;46;0.364303
c.floats.uint-fit-1;student32;student24;46;0.336232
c.floats.uint-fit-1;student36;student12;46;0.260579
c.floats.uint-fit-1;student36;student1;46;0.301158
c.floats.uint-fit-1;student36;student6;46;0.266667
c.floats.uint-fit-1;student37;student13;46;0.258278
c.floats.uint-fit-1;student38;student3;46;0.19378
c.floats.uint-fit-1;student44;student27;46;0.174515
c.floats.uint-fit-1;student31;student15;46;0.366667
c.floats.uint-fit-1;student31;student1;46;0.28777
c.floats.uint-fit-1;student31;student10;46;0.262181
c.floats.uint-fit-1;student31;student16;46;0.430189
c.floats.uint-fit-1;student42;student16;46;0.359073
c.floats.uint-fit-1;student23;student41;46;0.267241
c.floats.uint-fit-1;student14;student41;46;0.195906
c.floats.uint-fit-1;student42;student29;47;0.345679
c.floats.uint-fit-1;student47;student17;47;0.285124
c.floats.uint-fit-1;student42;student18;47;0.419753
c.floats.uint-fit-1;student42;student20;47;0.330749
c.floats.uint-fit-1;student1;student22;47;0.316953
c.floats.uint-fit-1;student29;student39;47;0.264563
c.floats.uint-fit-1;student29;student35;47;0.382353
c.floats.uint-fit-1;student25;student39;47;0.487528
c.floats.uint-fit-1;student33;student28;47;0.303797
c.floats.uint-fit-1;student38;student35;47;0.330935
c.floats.uint-fit-1;student40;student21;47;0.295082
c.floats.uint-fit-1;student8;student20;47;0.372973
c.floats.uint-fit-1;student22;student35;47;0.466231
c.floats.uint-fit-1;student22;student40;47;0.489796
c.floats.uint-fit-1;student22;student19;47;0.368286
c.floats.uint-fit-1;student32;student9;47;0.350711
c.floats.uint-fit-1;student36;student15;47;0.221698
c.floats.uint-fit-1;student36;student7;47;0.379691
c.floats.uint-fit-1;student10;student22;47;0.304965
c.floats.uint-fit-1;student36;student38;47;0.245536
c.floats.uint-fit-1;student31;student17;47;0.386463
c.floats.uint-fit-1;student31;student37;47;0.49453
c.floats.uint-fit-1;student31;student2;47;0.236902
c.floats.uint-fit-1;student31;student33;47;0.334091
c.floats.uint-fit-1;student31;student5;47;0.478088
c.floats.uint-fit-1;student11;student41;47;0.245665
c.floats.uint-fit-1;student1;student41;47;0.25
c.floats.uint-fit-1;student32;student4;47;0.283582
c.floats.uint-fit-1;student32;student40;47;0.32809
c.floats.uint-fit-1;student32;student41;47;0.412791
c.floats.uint-fit-1;student37;student16;47;0.332031
c.floats.uint-fit-1;student37;student6;47;0.310658
c.floats.uint-fit-1;student8;student17;47;0.290576
c.floats.uint-fit-1;student35;student13;47;0.247727
c.floats.uint-fit-1;student41;student12;47;0.288136
c.floats.uint-fit-1;student7;student17;47;0.360731
c.floats.uint-fit-1;student15;student41;47;0.4081
c.floats.uint-fit-1;student41;student19;47;0.267196
c.floats.uint-fit-1;student41;student28;47;0.256024
c.floats.uint-fit-1;student9;student21;48;0.303318
c.floats.uint-fit-1;student42;student39;48;0.444175
c.floats.uint-fit-1;student29;student22;48;0.338346
c.floats.uint-fit-1;student29;student8;48;0.313559
c.floats.uint-fit-1;student7;student15;48;0.32021
c.floats.uint-fit-1;student39;student35;48;0.354978
c.floats.uint-fit-1;student22;student15;48;0.317708
c.floats.uint-fit-1;student18;student9;48;0.228792
c.floats.uint-fit-1;student9;student17;48;0.404063
c.floats.uint-fit-1;student43;student9;48;0.278867
c.floats.uint-fit-1;student43;student7;48;0.317982
c.floats.uint-fit-1;student25;student17;48;0.255489
c.floats.uint-fit-1;student36;student20;48;0.283154
c.floats.uint-fit-1;student36;student43;48;0.272366
c.floats.uint-fit-1;student10;student7;48;0.27512
c.floats.uint-fit-1;student11;student44;48;0.365217
c.floats.uint-fit-1;student36;student13;48;0.292763
c.floats.uint-fit-1;student47;student28;48;0.315029
c.floats.uint-fit-1;student47;student9;48;0.390181
c.floats.uint-fit-1;student47;student30;48;0.363636
c.floats.uint-fit-1;student1;student40;48;0.311321
c.floats.uint-fit-1;student5;student39;48;0.304878
c.floats.uint-fit-1;student42;student38;48;0.261538
c.floats.uint-fit-1;student42;student19;48;0.343915
c.floats.uint-fit-1;student29;student40;48;0.374449
c.floats.uint-fit-1;student31;student20;48;0.380353
c.floats.uint-fit-1;student31;student6;48;0.40367
c.floats.uint-fit-1;student31;student29;48;0.329588
c.floats.uint-fit-1;student31;student11;48;0.215311
c.floats.uint-fit-1;student22;student41;48;0.242131
c.floats.uint-fit-1;student2;student8;48;0.291444
c.floats.uint-fit-1;student2;student7;48;0.268765
c.floats.uint-fit-1;student2;student41;48;0.247678
c.floats.uint-fit-1;student43;student30;48;0.26972
c.floats.uint-fit-1;student18;student41;48;0.296578
c.floats.uint-fit-1;student18;student8;48;0.30618
c.floats.uint-fit-1;student7;student40;48;0.375854
c.floats.uint-fit-1;student40;student19;48;0.31728
c.floats.uint-fit-1;student9;student30;48;0.354217
c.floats.uint-fit-1;student41;student13;48;0.265672
c.floats.uint-fit-1;student41;student20;48;0.298507
c.floats.uint-fit-1;student41;student26;48;0.344512
c.floats.uint-fit-1;student7;student19;48;0.421182
c.floats.uint-fit-1;student44;student30;48;0.373041
c.floats.uint-fit-1;student44;student17;48;0.351786
c.floats.uint-fit-1;student44;student12;48;0.338462
c.floats.uint-fit-1;student41;student16;48;0.264881
c.floats.uint-fit-1;student35;student21;49;0.26087
c.floats.uint-fit-1;student35;student27;49;0.188073
c.floats.uint-fit-1;student29;student7;49;0.372385
c.floats.uint-fit-1;student29;student9;49;0.220253
c.floats.uint-fit-1;student15;student35;49;0.414449
c.floats.uint-fit-1;student12;student35;49;0.272289
c.floats.uint-fit-1;student23;student37;49;0.314381
c.floats.uint-fit-1;student42;student37;49;0.407323
c.floats.uint-fit-1;student5;student37;49;0.381743
c.floats.uint-fit-1;student1;student9;49;0.342169
c.floats.uint-fit-1;student36;student35;49;0.321888
c.floats.uint-fit-1;student10;student37;49;0.308271
c.floats.uint-fit-1;student36;student3;49;0.309973
c.floats.uint-fit-1;student31;student9;49;0.488426
c.floats.uint-fit-1;student31;student19;49;0.40796
c.floats.uint-fit-1;student10;student41;49;0.214493
c.floats.uint-fit-1;student10;student40;49;0.278422
c.floats.uint-fit-1;student47;student16;49;0.353659
c.floats.uint-fit-1;student42;student14;49;0.256684
c.floats.uint-fit-1;student24;student38;49;0.264624
c.floats.uint-fit-1;student25;student16;49;0.246377
c.floats.uint-fit-1;student22;student2;49;0.29078
c.floats.uint-fit-1;student22;student30;49;0.446753
c.floats.uint-fit-1;student28;student34;49;0.205543
c.floats.uint-fit-1;student40;student20;49;0.281095
c.floats.uint-fit-1;student8;student21;49;0.323834
c.floats.uint-fit-1;student2;student9;49;0.263279
c.floats.uint-fit-1;student39;student6;49;0.288416
c.floats.uint-fit-1;student18;student40;49;0.352423
c.floats.uint-fit-1;student45;student8;49;0.319101
c.floats.uint-fit-1;student45;student9;49;0.474419
c.floats.uint-fit-1;student37;student15;49;0.200924
c.floats.uint-fit-1;student40;student30;49;0.325
c.floats.uint-fit-1;student41;student21;49;0.287425
c.floats.uint-fit-1;student14;student40;49;0.241814
c.floats.uint-fit-1;student14;student7;49;0.246612
c.floats.uint-fit-1;student44;student16;49;0.455696
c.floats.uint-fit-1;student33;student37;50;0.305495
c.floats.uint-fit-1;student42;student15;50;0.304688
c.floats.uint-fit-1;student33;student18;50;0.356557
c.floats.uint-fit-1;student1;student42;50;0.310705
c.floats.uint-fit-1;student1;student8;50;0.249337
c.floats.uint-fit-1;student23;student35;50;0.26506
c.floats.uint-fit-1;student32;student26;50;0.372881
c.floats.uint-fit-1;student32;student8;50;0.365535
c.floats.uint-fit-1;student36;student22;50;0.334071
c.floats.uint-fit-1;student47;student19;50;0.269122
c.floats.uint-fit-1;student42;student30;50;0.353801
c.floats.uint-fit-1;student23;student44;50;0.283019
c.floats.uint-fit-1;student31;student34;50;0.255864
c.floats.uint-fit-1;student31;student8;50;0.354988
c.floats.uint-fit-1;student33;student14;50;0.378505
c.floats.uint-fit-1;student33;student44;50;0.325275
c.floats.uint-fit-1;student33;student35;50;0.306522
c.floats.uint-fit-1;student33;student27;50;0.266423
c.floats.uint-fit-1;student33;student21;50;0.211712
c.floats.uint-fit-1;student22;student14;50;0.24147
c.floats.uint-fit-1;student22;student38;50;0.267303
c.floats.uint-fit-1;student39;student40;50;0.409953
c.floats.uint-fit-1;student39;student17;50;0.245161
c.floats.uint-fit-1;student39;student30;50;0.288684
c.floats.uint-fit-1;student37;student7;50;0.270213
c.floats.uint-fit-1;student7;student38;50;0.308068
c.floats.uint-fit-1;student7;student34;50;0.300221
c.floats.uint-fit-1;student19;student9;50;0.340686
c.floats.uint-fit-1;student8;student30;50;0.395161
c.floats.uint-fit-1;student6;student34;50;0.361858
c.floats.uint-fit-1;student38;student27;50;0.253886
c.floats.uint-fit-1;student38;student4;50;0.106218
c.floats.uint-fit-1;student40;student6;50;0.290249
c.floats.uint-fit-1;student41;student27;50;0.239766
c.floats.uint-fit-1;student14;student9;50;0.233503
c.floats.uint-fit-1;student14;student34;50;0.316964
c.floats.uint-fit-1;student14;student8;50;0.284916
c.floats.uint-fit-1;student43;student8;50;0.264775
c.floats.uint-fit-1;student18;student44;50;0.367257
c.floats.uint-fit-1;student40;student16;50;0.408907
c.floats.uint-fit-1;student47;student22;51;0.398417
c.floats.uint-fit-1;student47;student7;51;0.310573
c.floats.uint-fit-1;student47;student8;51;0.394102
c.floats.uint-fit-1;student5;student25;51;0.426357
c.floats.uint-fit-1;student39;student20;51;0.265854
c.floats.uint-fit-1;student39;student37;51;0.329384
c.floats.uint-fit-1;student39;student45;51;0.418052
c.floats.uint-fit-1;student22;student18;51;0.244792
c.floats.uint-fit-1;student15;student9;51;0.315522
c.floats.uint-fit-1;student40;student9;51;0.434004
c.floats.uint-fit-1;student36;student26;51;0.27027
c.floats.uint-fit-1;student36;student42;51;0.378505
c.floats.uint-fit-1;student11;student7;51;0.253695
c.floats.uint-fit-1;student11;student37;51;0.273973
c.floats.uint-fit-1;student11;student22;51;0.243902
c.floats.uint-fit-1;student10;student9;51;0.267442
c.floats.uint-fit-1;student10;student35;51;0.242358
c.floats.uint-fit-1;student10;student42;51;0.263158
c.floats.uint-fit-1;student25;student28;51;0.265537
c.floats.uint-fit-1;student25;student6;51;0.308682
c.floats.uint-fit-1;student48;student34;51;0.215139
c.floats.uint-fit-1;student36;student40;51;0.351893
c.floats.uint-fit-1;student5;student34;51;0.279693
c.floats.uint-fit-1;student42;student2;51;0.25323
c.floats.uint-fit-1;student42;student45;51;0.388489
c.floats.uint-fit-1;student32;student35;51;0.470588
c.floats.uint-fit-1;student32;student42;51;0.360406
c.floats.uint-fit-1;student25;student30;51;0.253796
c.floats.uint-fit-1;student29;student34;51;0.290598
c.floats.uint-fit-1;student18;student34;51;0.283333
c.floats.uint-fit-1;student37;student8;51;0.209877
c.floats.uint-fit-1;student8;student34;51;0.248193
c.floats.uint-fit-1;student43;student27;51;0.209974
c.floats.uint-fit-1;student2;student40;51;0.286957
c.floats.uint-fit-1;student31;student35;51;0.414798
c.floats.uint-fit-1;student31;student42;51;0.4275
c.floats.uint-fit-1;student7;student41;51;0.220903
c.floats.uint-fit-1;student8;student19;51;0.312343
c.floats.uint-fit-1;student26;student38;51;0.227147
c.floats.uint-fit-1;student34;student27;51;0.25
c.floats.uint-fit-1;student34;student9;51;0.257642
c.floats.uint-fit-1;student34;student12;51;0.214452
c.floats.uint-fit-1;student34;student19;51;0.244332
c.floats.uint-fit-1;student38;student9;51;0.356808
c.floats.uint-fit-1;student41;student38;51;0.27907
c.floats.uint-fit-1;student44;student13;51;0.345763
c.floats.uint-fit-1;student44;student28;51;0.488818
c.floats.uint-fit-1;student44;student41;51;0.227823
c.floats.uint-fit-1;student14;student44;51;0.326531
c.floats.uint-fit-1;student42;student12;52;0.3003
c.floats.uint-fit-1;student7;student12;52;0.278409
c.floats.uint-fit-1;student39;student21;52;0.202353
c.floats.uint-fit-1;student29;student33;52;0.308333
c.floats.uint-fit-1;student47;student12;52;0.278932
c.floats.uint-fit-1;student42;student17;52;0.330073
c.floats.uint-fit-1;student36;student9;52;0.355408
c.floats.uint-fit-1;student11;student35;52;0.223278
c.floats.uint-fit-1;student5;student43;52;0.28223
c.floats.uint-fit-1;student33;student2;52;0.277603
c.floats.uint-fit-1;student33;student19;52;0.272251
c.floats.uint-fit-1;student33;student12;52;0.277286
c.floats.uint-fit-1;student33;student17;52;0.294737
c.floats.uint-fit-1;student43;student17;52;0.317427
c.floats.uint-fit-1;student2;student39;52;0.213075
c.floats.uint-fit-1;student22;student27;52;0.20398
c.floats.uint-fit-1;student22;student43;52;0.300221
c.floats.uint-fit-1;student43;student6;52;0.352941
c.floats.uint-fit-1;student43;student19;52;0.208243
c.floats.uint-fit-1;student10;student8;52;0.255754
c.floats.uint-fit-1;student5;student40;52;0.23192
c.floats.uint-fit-1;student23;student40;52;0.28013
c.floats.uint-fit-1;student37;student38;52;0.306122
c.floats.uint-fit-1;student32;student43;52;0.293689
c.floats.uint-fit-1;student7;student13;52;0.249389
c.floats.uint-fit-1;student15;student40;52;0.295
c.floats.uint-fit-1;student40;student17;52;0.36722
c.floats.uint-fit-1;student40;student12;52;0.323899
c.floats.uint-fit-1;student40;student38;52;0.279121
c.floats.uint-fit-1;student40;student13;52;0.265217
c.floats.uint-fit-1;student41;student9;52;0.194373
c.floats.uint-fit-1;student31;student27;52;0.261438
c.floats.uint-fit-1;student31;student12;52;0.401015
c.floats.uint-fit-1;student31;student41;52;0.26506
c.floats.uint-fit-1;student48;student41;52;0.262997
c.floats.uint-fit-1;student5;student42;53;0.254593
c.floats.uint-fit-1;student47;student27;53;0.323024
c.floats.uint-fit-1;student47;student37;53;0.269147
c.floats.uint-fit-1;student47;student33;53;0.266385
c.floats.uint-fit-1;student33;student8;53;0.272727
c.floats.uint-fit-1;student11;student9;53;0.235012
c.floats.uint-fit-1;student36;student4;53;0.480447
c.floats.uint-fit-1;student48;student44;53;0.292398
c.floats.uint-fit-1;student10;student44;53;0.33617
c.floats.uint-fit-1;student47;student32;53;0.289406
c.floats.uint-fit-1;student47;student23;53;0.3207
c.floats.uint-fit-1;student47;student38;53;0.2575
c.floats.uint-fit-1;student47;student34;53;0.243802
c.floats.uint-fit-1;student1;student44;53;0.282738
c.floats.uint-fit-1;student42;student23;53;0.364583
c.floats.uint-fit-1;student42;student44;53;0.257143
c.floats.uint-fit-1;student42;student6;53;0.277778
c.floats.uint-fit-1;student42;student13;53;0.349153
c.floats.uint-fit-1;student33;student40;53;0.324138
c.floats.uint-fit-1;student34;student21;53;0.262376
c.floats.uint-fit-1;student34;student35;53;0.344156
c.floats.uint-fit-1;student22;student12;53;0.357143
c.floats.uint-fit-1;student22;student26;53;0.311321
c.floats.uint-fit-1;student22;student37;53;0.416667
c.floats.uint-fit-1;student2;student34;53;0.259174
c.floats.uint-fit-1;student2;student44;53;0.231358
c.floats.uint-fit-1;student43;student44;53;0.278689
c.floats.uint-fit-1;student37;student44;53;0.444231
c.floats.uint-fit-1;student37;student9;53;0.355042
c.floats.uint-fit-1;student8;student40;53;0.275395
c.floats.uint-fit-1;student8;student38;53;0.214458
c.floats.uint-fit-1;student41;student35;53;0.229117
c.floats.uint-fit-1;student7;student27;53;0.210648
c.floats.uint-fit-1;student15;student8;53;0.281501
c.floats.uint-fit-1;student41;student3;53;0.235925
c.floats.uint-fit-1;student44;student21;53;0.227957
c.floats.uint-fit-1;student44;student34;53;0.279159
c.floats.uint-fit-1;student44;student40;53;0.375
c.floats.uint-fit-1;student31;student13;53;0.33253
c.floats.uint-fit-1;student31;student38;53;0.372365
c.floats.uint-fit-1;student31;student39;53;0.307692
c.floats.uint-fit-1;student42;student26;54;0.279597
c.floats.uint-fit-1;student42;student33;54;0.327456
c.floats.uint-fit-1;student5;student33;54;0.304182
c.floats.uint-fit-1;student1;student33;54;0.330798
c.floats.uint-fit-1;student47;student18;54;0.276923
c.floats.uint-fit-1;student1;student39;54;0.207229
c.floats.uint-fit-1;student33;student39;54;0.344754
c.floats.uint-fit-1;student33;student7;54;0.334988
c.floats.uint-fit-1;student36;student8;54;0.193277
c.floats.uint-fit-1;student36;student47;54;0.227957
c.floats.uint-fit-1;student11;student8;54;0.278646
c.floats.uint-fit-1;student26;student34;54;0.226044
c.floats.uint-fit-1;student9;student27;54;0.18
c.floats.uint-fit-1;student34;student17;54;0.334737
c.floats.uint-fit-1;student40;student27;54;0.168467
c.floats.uint-fit-1;student8;student27;54;0.230337
c.floats.uint-fit-1;student7;student26;54;0.259169
c.floats.uint-fit-1;student43;student35;54;0.332627
c.floats.uint-fit-1;student43;student18;54;0.227621
c.floats.uint-fit-1;student25;student21;54;0.229958
c.floats.uint-fit-1;student48;student33;54;0.350427
c.floats.uint-fit-1;student48;student30;54;0.235421
c.floats.uint-fit-1;student25;student13;54;0.275053
c.floats.uint-fit-1;student29;student43;54;0.186441
c.floats.uint-fit-1;student33;student13;54;0.298658
c.floats.uint-fit-1;student39;student18;54;0.281553
c.floats.uint-fit-1;student22;student44;54;0.238447
c.floats.uint-fit-1;student22;student34;54;0.273543
c.floats.uint-fit-1;student22;student13;54;0.337209
c.floats.uint-fit-1;student45;student40;54;0.406699
c.floats.uint-fit-1;student37;student34;54;0.235741
c.floats.uint-fit-1;student8;student13;54;0.215223
c.floats.uint-fit-1;student41;student40;54;0.24105
c.floats.uint-fit-1;student41;student8;54;0.260309
c.floats.uint-fit-1;student44;student35;54;0.35914
c.floats.uint-fit-1;student44;student26;54;0.268765
c.floats.uint-fit-1;student31;student3;54;0.267819
c.floats.uint-fit-1;student31;student43;54;0.261954
c.floats.uint-fit-1;student31;student25;54;0.323467
c.floats.uint-fit-1;student31;student23;54;0.33119
c.floats.uint-fit-1;student47;student14;54;0.449782
c.floats.uint-fit-1;student42;student43;54;0.252796
c.floats.uint-fit-1;student42;student27;54;0.350746
c.floats.uint-fit-1;student25;student29;54;0.23301
c.floats.uint-fit-1;student23;student7;54;0.401055
c.floats.uint-fit-1;student23;student22;54;0.277778
c.floats.uint-fit-1;student23;student33;54;0.283951
c.floats.uint-fit-1;student23;student43;54;0.224057
c.floats.uint-fit-1;student33;student9;55;0.272527
c.floats.uint-fit-1;student45;student21;55;0.262136
c.floats.uint-fit-1;student26;student35;55;0.252927
c.floats.uint-fit-1;student8;student12;55;0.290576
c.floats.uint-fit-1;student25;student37;55;0.380478
c.floats.uint-fit-1;student47;student29;55;0.366534
c.floats.uint-fit-1;student11;student33;55;0.444954
c.floats.uint-fit-1;student38;student34;55;0.210162
c.floats.uint-fit-1;student43;student21;55;0.232506
c.floats.uint-fit-1;student43;student37;55;0.261733
c.floats.uint-fit-1;student25;student20;55;0.294118
c.floats.uint-fit-1;student25;student19;55;0.297297
c.floats.uint-fit-1;student33;student6;55;0.280597
c.floats.uint-fit-1;student10;student34;55;0.222488
c.floats.uint-fit-1;student10;student33;55;0.295203
c.floats.uint-fit-1;student48;student37;55;0.302605
c.floats.uint-fit-1;student47;student13;55;0.388679
c.floats.uint-fit-1;student23;student34;55;0.222482
c.floats.uint-fit-1;student39;student38;55;0.284706
c.floats.uint-fit-1;student32;student34;55;0.31358
c.floats.uint-fit-1;student31;student47;55;0.306522
c.floats.uint-fit-1;student42;student41;55;0.252525
c.floats.uint-fit-1;student42;student34;55;0.289954
c.floats.uint-fit-1;student42;student35;55;0.380723
c.floats.uint-fit-1;student24;student41;55;0.322581
c.floats.uint-fit-1;student43;student14;55;0.209302
c.floats.uint-fit-1;student43;student40;55;0.237425
c.floats.uint-fit-1;student43;student38;55;0.203991
c.floats.uint-fit-1;student45;student28;55;0.307876
c.floats.uint-fit-1;student37;student41;55;0.179688
c.floats.uint-fit-1;student7;student44;55;0.261856
c.floats.uint-fit-1;student34;student13;55;0.228155
c.floats.uint-fit-1;student9;student13;55;0.266667
c.floats.uint-fit-1;student16;student34;55;0.29249
c.floats.uint-fit-1;student44;student6;55;0.41003
c.floats.uint-fit-1;student33;student26;56;0.252308
c.floats.uint-fit-1;student47;student5;56;0.314465
c.floats.uint-fit-1;student29;student45;56;0.248731
c.floats.uint-fit-1;student33;student15;56;0.311284
c.floats.uint-fit-1;student43;student12;56;0.237745
c.floats.uint-fit-1;student43;student26;56;0.25
c.floats.uint-fit-1;student25;student27;56;0.236842
c.floats.uint-fit-1;student25;student45;56;0.359649
c.floats.uint-fit-1;student25;student18;56;0.404
c.floats.uint-fit-1;student24;student7;56;0.342711
c.floats.uint-fit-1;student23;student9;56;0.253823
c.floats.uint-fit-1;student32;student33;56;0.263014
c.floats.uint-fit-1;student36;student39;56;0.265446
c.floats.uint-fit-1;student36;student25;56;0.283582
c.floats.uint-fit-1;student36;student24;56;0.375
c.floats.uint-fit-1;student11;student42;56;0.220844
c.floats.uint-fit-1;student11;student43;56;0.236842
c.floats.uint-fit-1;student10;student43;56;0.214765
c.floats.uint-fit-1;student10;student47;56;0.176339
c.floats.uint-fit-1;student48;student19;56;0.220833
c.floats.uint-fit-1;student48;student28;56;0.186047
c.floats.uint-fit-1;student48;student32;56;0.240964
c.floats.uint-fit-1;student11;student40;56;0.275534
c.floats.uint-fit-1;student11;student34;56;0.197995
c.floats.uint-fit-1;student47;student44;56;0.296943
c.floats.uint-fit-1;student47;student20;56;0.293785
c.floats.uint-fit-1;student1;student34;56;0.236407
c.floats.uint-fit-1;student25;student14;56;0.178313
c.floats.uint-fit-1;student29;student44;56;0.328947
c.floats.uint-fit-1;student33;student16;56;0.346154
c.floats.uint-fit-1;student2;student43;56;0.30837
c.floats.uint-fit-1;student39;student14;56;0.274272
c.floats.uint-fit-1;student45;student38;56;0.339806
c.floats.uint-fit-1;student15;student44;56;0.304795
c.floats.uint-fit-1;student12;student9;56;0.299451
c.floats.uint-fit-1;student3;student35;56;0.249448
c.floats.uint-fit-1;student34;student20;56;0.178241
c.floats.uint-fit-1;student40;student35;56;0.353201
c.floats.uint-fit-1;student40;student34;56;0.248996
c.floats.uint-fit-1;student44;student20;56;0.361217
c.floats.uint-fit-1;student44;student3;56;0.280289
c.floats.uint-fit-1;student33;student22;57;0.302817
c.floats.uint-fit-1;student33;student20;57;0.270073
c.floats.uint-fit-1;student39;student12;57;0.25
c.floats.uint-fit-1;student25;student33;57;0.263713
c.floats.uint-fit-1;student49;student33;57;0.350446
c.floats.uint-fit-1;student47;student1;57;0.360902
c.floats.uint-fit-1;student11;student47;57;0.19382
c.floats.uint-fit-1;student47;student2;57;0.339934
c.floats.uint-fit-1;student47;student6;57;0.289673
c.floats.uint-fit-1;student5;student44;57;0.37395
c.floats.uint-fit-1;student42;student25;57;0.403805
c.floats.uint-fit-1;student24;student22;57;0.344221
c.floats.uint-fit-1;student25;student2;57;0.20296
c.floats.uint-fit-1;student23;student8;57;0.304813
c.floats.uint-fit-1;student25;student43;57;0.228797
c.floats.uint-fit-1;student39;student43;57;0.218557
c.floats.uint-fit-1;student39;student34;57;0.203822
c.floats.uint-fit-1;student26;student9;57;0.285714
c.floats.uint-fit-1;student8;student26;57;0.25
c.floats.uint-fit-1;student32;student25;57;0.187891
c.floats.uint-fit-1;student31;student24;57;0.286765
c.floats.uint-fit-1;student43;student16;57;0.218182
c.floats.uint-fit-1;student45;student16;57;0.292804
c.floats.uint-fit-1;student45;student19;57;0.271186
c.floats.uint-fit-1;student45;student20;57;0.3309
c.floats.uint-fit-1;student7;student3;57;0.255474
c.floats.uint-fit-1;student15;student34;57;0.218997
c.floats.uint-fit-1;student8;student3;57;0.299465
c.floats.uint-fit-1;student41;student4;57;0.295858
c.floats.uint-fit-1;student44;student9;57;0.359833
c.floats.uint-fit-1;student44;student8;57;0.305949
c.floats.uint-fit-1;student45;student37;58;0.33557
c.floats.uint-fit-1;student50;student33;58;0.351351
c.floats.uint-fit-1;student47;student42;58;0.286031
c.floats.uint-fit-1;student10;student39;58;0.193925
c.floats.uint-fit-1;student10;student25;58;0.288401
c.floats.uint-fit-1;student48;student21;58;0.278571
c.floats.uint-fit-1;student48;student20;58;0.209459
c.floats.uint-fit-1;student48;student12;58;0.262411
c.floats.uint-fit-1;student48;student26;58;0.222944
c.floats.uint-fit-1;student48;student15;58;0.282258
c.floats.uint-fit-1;student48;student23;58;0.214058
c.floats.uint-fit-1;student48;student1;58;0.201735
c.floats.uint-fit-1;student33;student38;58;0.222727
c.floats.uint-fit-1;student3;student9;58;0.311778
c.floats.uint-fit-1;student43;student20;58;0.210784
c.floats.uint-fit-1;student39;student15;58;0.35743
c.floats.uint-fit-1;student22;student3;58;0.27088
c.floats.uint-fit-1;student39;student19;58;0.240185
c.floats.uint-fit-1;student39;student13;58;0.299065
c.floats.uint-fit-1;student43;student13;58;0.244656
c.floats.uint-fit-1;student37;student3;58;0.270221
c.floats.uint-fit-1;student44;student38;58;0.322857
c.floats.uint-fit-1;student31;student4;58;0.32093
c.floats.uint-fit-1;student31;student26;58;0.283688
c.floats.uint-fit-1;student31;student48;58;0.219207
c.floats.uint-fit-1;student48;student14;58;0.116279
c.floats.uint-fit-1;student47;student41;58;0.259939
c.floats.uint-fit-1;student1;student25;58;0.333333
c.floats.uint-fit-1;student24;student9;58;0.3309
c.floats.uint-fit-1;student47;student21;59;0.242775
c.floats.uint-fit-1;student43;student15;59;0.20241
c.floats.uint-fit-1;student25;student12;59;0.291545
c.floats.uint-fit-1;student24;student35;59;0.207143
c.floats.uint-fit-1;student24;student8;59;0.274725
c.floats.uint-fit-1;student23;student25;59;0.29558
c.floats.uint-fit-1;student32;student45;59;0.309302
c.floats.uint-fit-1;student32;student39;59;0.25522
c.floats.uint-fit-1;student36;student45;59;0.249433
c.floats.uint-fit-1;student11;student25;59;0.227176
c.floats.uint-fit-1;student47;student43;59;0.237525
c.floats.uint-fit-1;student1;student43;59;0.246411
c.floats.uint-fit-1;student48;student18;59;0.248889
c.floats.uint-fit-1;student48;student43;59;0.213725
c.floats.uint-fit-1;student48;student2;59;0.196013
c.floats.uint-fit-1;student48;student29;59;0.255605
c.floats.uint-fit-1;student48;student5;59;0.124138
c.floats.uint-fit-1;student25;student41;59;0.249307
c.floats.uint-fit-1;student39;student44;59;0.285388
c.floats.uint-fit-1;student39;student41;59;0.250737
c.floats.uint-fit-1;student45;student6;59;0.271226
c.floats.uint-fit-1;student45;student34;59;0.277293
c.floats.uint-fit-1;student45;student35;59;0.281596
c.floats.uint-fit-1;student34;student3;59;0.236957
c.floats.uint-fit-1;student37;student26;60;0.286275
c.floats.uint-fit-1;student24;student37;60;0.197309
c.floats.uint-fit-1;student50;student34;60;0.242958
c.floats.uint-fit-1;student47;student39;60;0.428934
c.floats.uint-fit-1;student48;student27;60;0.12
c.floats.uint-fit-1;student48;student17;60;0.204239
c.floats.uint-fit-1;student48;student6;60;0.172917
c.floats.uint-fit-1;student48;student7;60;0.186404
c.floats.uint-fit-1;student48;student38;60;0.221719
c.floats.uint-fit-1;student47;student40;60;0.263514
c.floats.uint-fit-1;student5;student45;60;0.2575
c.floats.uint-fit-1;student42;student3;60;0.227528
c.floats.uint-fit-1;student23;student39;60;0.248555
c.floats.uint-fit-1;student25;student40;60;0.271967
c.floats.uint-fit-1;student25;student34;60;0.199226
c.floats.uint-fit-1;student43;student3;60;0.260042
c.floats.uint-fit-1;student31;student45;60;0.381733
c.floats.uint-fit-1;student33;student51;61;0.239057
c.floats.uint-fit-1;student47;student26;61;0.202643
c.floats.uint-fit-1;student46;student33;61;0.361884
c.floats.uint-fit-1;student46;student43;61;0.229759
c.floats.uint-fit-1;student46;student28;61;0.4
c.floats.uint-fit-1;student42;student24;61;0.275132
c.floats.uint-fit-1;student33;student45;61;0.241685
c.floats.uint-fit-1;student43;student45;61;0.255914
c.floats.uint-fit-1;student39;student27;61;0.299342
c.floats.uint-fit-1;student25;student15;61;0.359589
c.floats.uint-fit-1;student36;student51;61;0.334437
c.floats.uint-fit-1;student48;student35;61;0.219665
c.floats.uint-fit-1;student48;student42;61;0.22428
c.floats.uint-fit-1;student24;student44;61;0.25552
c.floats.uint-fit-1;student25;student44;61;0.264444
c.floats.uint-fit-1;student45;student44;61;0.300905
c.floats.uint-fit-1;student45;student41;61;0.256944
c.floats.uint-fit-1;student35;student4;61;0.176471
c.floats.uint-fit-1;student40;student26;61;0.246544
c.floats.uint-fit-1;student8;student4;61;0.261838
c.floats.uint-fit-1;student44;student4;61;0.339181
c.floats.uint-fit-1;student49;student34;62;0.223827
c.floats.uint-fit-1;student46;student42;62;0.398907
c.floats.uint-fit-1;student47;student15;62;0.456
c.floats.uint-fit-1;student48;student10;62;0.182952
c.floats.uint-fit-1;student48;student13;62;0.223404
c.floats.uint-fit-1;student24;student40;62;0.259615
c.floats.uint-fit-1;student33;student3;62;0.361111
c.floats.uint-fit-1;student22;student4;62;0.27013
c.floats.uint-fit-1;student45;student30;62;0.303944
c.floats.uint-fit-1;student7;student4;62;0.226158
c.floats.uint-fit-1;student4;student9;62;0.253197
c.floats.uint-fit-1;student40;student3;62;0.242888
c.floats.uint-fit-1;student46;student37;63;0.355289
c.floats.uint-fit-1;student50;student43;63;0.265625
c.floats.uint-fit-1;student45;student15;63;0.302211
c.floats.uint-fit-1;student25;student26;63;0.185345
c.floats.uint-fit-1;student1;student45;63;0.329208
c.floats.uint-fit-1;student11;student39;63;0.255869
c.floats.uint-fit-1;student24;student43;63;0.314159
c.floats.uint-fit-1;student24;student34;63;0.201995
c.floats.uint-fit-1;student10;student45;63;0.268409
c.floats.uint-fit-1;student48;student8;63;0.17562
c.floats.uint-fit-1;student48;student45;63;0.247357
c.floats.uint-fit-1;student48;student22;63;0.221277
c.floats.uint-fit-1;student48;student11;63;0.380952
c.floats.uint-fit-1;student25;student3;63;0.244444
c.floats.uint-fit-1;student45;student17;63;0.267932
c.floats.uint-fit-1;student37;student4;63;0.337079
c.floats.uint-fit-1;student47;student45;64;0.255981
c.floats.uint-fit-1;student18;student45;64;0.241975
c.floats.uint-fit-1;student43;student51;64;0.192
c.floats.uint-fit-1;student48;student16;64;0.313008
c.floats.uint-fit-1;student47;student3;64;0.242236
c.floats.uint-fit-1;student42;student4;64;0.308511
c.floats.uint-fit-1;student39;student3;64;0.262295
c.floats.uint-fit-1;student37;student51;65;0.223101
c.floats.uint-fit-1;student45;student27;65;0.161954
c.floats.uint-fit-1;student45;student12;65;0.261128
c.floats.uint-fit-1;student46;student25;65;0.308511
c.floats.uint-fit-1;student46;student39;65;0.307159
c.floats.uint-fit-1;student48;student9;65;0.231884
c.floats.uint-fit-1;student48;student47;65;0.179724
c.floats.uint-fit-1;student48;student3;65;0.255072
c.floats.uint-fit-1;student46;student40;65;0.325167
c.floats.uint-fit-1;student46;student30;65;0.330189
c.floats.uint-fit-1;student25;student52;65;0.314236
c.floats.uint-fit-1;student37;student52;65;0.247772
c.floats.uint-fit-1;student34;student4;65;0.309783
c.floats.uint-fit-1;student40;student4;65;0.360215
c.floats.uint-fit-1;student14;student45;65;0.239401
c.floats.uint-fit-1;student39;student26;65;0.239709
c.floats.uint-fit-1;student34;student51;66;0.242376
c.floats.uint-fit-1;student45;student26;66;0.23913
c.floats.uint-fit-1;student46;student50;66;0.301282
c.floats.uint-fit-1;student49;student43;66;0.219378
c.floats.uint-fit-1;student46;student22;66;0.357309
c.floats.uint-fit-1;student23;student45;66;0.211031
c.floats.uint-fit-1;student33;student4;66;0.708571
c.floats.uint-fit-1;student2;student45;66;0.244019
c.floats.uint-fit-1;student43;student4;66;0.329412
c.floats.uint-fit-1;student48;student39;66;0.191283
c.floats.uint-fit-1;student46;student44;66;0.306695
c.floats.uint-fit-1;student46;student8;66;0.38874
c.floats.uint-fit-1;student46;student17;66;0.311579
c.floats.uint-fit-1;student50;student41;66;0.189139
c.floats.uint-fit-1;student38;student52;66;0.290741
c.floats.uint-fit-1;student44;student51;67;0.290102
c.floats.uint-fit-1;student24;student33;67;0.328502
c.floats.uint-fit-1;student50;student51;67;0.219396
c.floats.uint-fit-1;student49;student46;67;0.303297
c.floats.uint-fit-1;student49;student36;67;0.283814
c.floats.uint-fit-1;student46;student27;67;0.323843
c.floats.uint-fit-1;student46;student51;67;0.208556
c.floats.uint-fit-1;student46;student36;67;0.286316
c.floats.uint-fit-1;student24;student25;67;0.213974
c.floats.uint-fit-1;student48;student51;67;0.216949
c.floats.uint-fit-1;student48;student24;67;0.19163
c.floats.uint-fit-1;student46;student38;67;0.265
c.floats.uint-fit-1;student22;student51;68;0.157546
c.floats.uint-fit-1;student46;student9;68;0.332564
c.floats.uint-fit-1;student50;student36;68;0.3125
c.floats.uint-fit-1;student39;student4;68;0.288095
c.floats.uint-fit-1;student48;student4;68;0.47205
c.floats.uint-fit-1;student48;student25;68;0.196429
c.floats.uint-fit-1;student50;student44;68;0.341241
c.floats.uint-fit-1;student50;student30;68;0.235529
c.floats.uint-fit-1;student47;student52;68;0.272408
c.floats.uint-fit-1;student24;student39;68;0.229426
c.floats.uint-fit-1;student45;student13;68;0.247086
c.floats.uint-fit-1;student31;student46;68;0.319149
c.floats.uint-fit-1;student49;student41;68;0.244403
c.floats.uint-fit-1;student28;student51;69;0.342508
c.floats.uint-fit-1;student41;student51;69;0.191275
c.floats.uint-fit-1;student7;student51;69;0.163132
c.floats.uint-fit-1;student47;student51;69;0.274194
c.floats.uint-fit-1;student49;student44;69;0.308108
c.floats.uint-fit-1;student46;student29;69;0.384956
c.floats.uint-fit-1;student46;student23;69;0.278638
c.floats.uint-fit-1;student46;student7;69;0.368675
c.floats.uint-fit-1;student46;student34;69;0.21875
c.floats.uint-fit-1;student46;student19;69;0.274933
c.floats.uint-fit-1;student46;student35;69;0.271739
c.floats.uint-fit-1;student50;student47;69;0.227571
c.floats.uint-fit-1;student47;student24;69;0.205634
c.floats.uint-fit-1;student24;student45;69;0.309045
c.floats.uint-fit-1;student25;student4;69;0.311111
c.floats.uint-fit-1;student33;student52;69;0.208191
c.floats.uint-fit-1;student49;student51;70;0.236422
c.floats.uint-fit-1;student51;student27;70;0.110057
c.floats.uint-fit-1;student40;student51;70;0.181818
c.floats.uint-fit-1;student46;student12;70;0.314371
c.floats.uint-fit-1;student46;student32;70;0.35443
c.floats.uint-fit-1;student50;student40;70;0.347059
c.floats.uint-fit-1;student11;student45;70;0.248848
c.floats.uint-fit-1;student36;student52;70;0.21164
c.floats.uint-fit-1;student47;student4;70;0.283537
c.floats.uint-fit-1;student32;student52;70;0.231317
c.floats.uint-fit-1;student31;student51;70;0.289538
c.floats.uint-fit-1;student35;student51;71;0.184765
c.floats.uint-fit-1;student46;student18;71;0.420833
c.floats.uint-fit-1;student51;student9;71;0.235154
c.floats.uint-fit-1;student19;student51;71;0.2
c.floats.uint-fit-1;student38;student51;71;0.201005
c.floats.uint-fit-1;student31;student52;71;0.273874
c.floats.uint-fit-1;student46;student41;71;0.191244
c.floats.uint-fit-1;student46;student16;71;0.378378
c.floats.uint-fit-1;student8;student51;72;0.139423
c.floats.uint-fit-1;student45;student51;72;0.185
c.floats.uint-fit-1;student39;student51;72;0.144444
c.floats.uint-fit-1;student25;student51;72;0.146538
c.floats.uint-fit-1;student42;student51;72;0.134106
c.floats.uint-fit-1;student50;student42;72;0.293233
c.floats.uint-fit-1;student46;student45;72;0.253219
c.floats.uint-fit-1;student42;student52;72;0.249077
c.floats.uint-fit-1;student45;student3;72;0.210024
c.floats.uint-fit-1;student35;student52;72;0.246599
c.floats.uint-fit-1;student52;student30;72;0.215328
c.floats.uint-fit-1;student31;student50;72;0.263761
c.floats.uint-fit-1;student23;student51;73;0.185124
c.floats.uint-fit-1;student50;student37;73;0.340074
c.floats.uint-fit-1;student49;student47;73;0.230603
c.floats.uint-fit-1;student49;student40;73;0.28903
c.floats.uint-fit-1;student49;student30;73;0.287791
c.floats.uint-fit-1;student46;student52;73;0.211604
c.floats.uint-fit-1;student50;student32;73;0.28327
c.floats.uint-fit-1;student40;student52;73;0.248227
c.floats.uint-fit-1;student51;student30;73;0.296512
c.floats.uint-fit-1;student9;student52;73;0.247368
c.floats.uint-fit-1;student32;student51;74;0.291785
c.floats.uint-fit-1;student49;student42;74;0.2875
c.floats.uint-fit-1;student46;student2;74;0.327869
c.floats.uint-fit-1;student46;student14;74;0.207756
c.floats.uint-fit-1;student46;student13;74;0.34471
c.floats.uint-fit-1;student50;student28;74;0.305195
c.floats.uint-fit-1;student29;student52;74;0.186235
c.floats.uint-fit-1;student28;student52;74;0.189565
c.floats.uint-fit-1;student41;student52;74;0.178819
c.floats.uint-fit-1;student12;student51;75;0.319672
c.floats.uint-fit-1;student46;student21;75;0.218673
c.floats.uint-fit-1;student46;student11;75;0.248603
c.floats.uint-fit-1;student46;student20;75;0.29562
c.floats.uint-fit-1;student50;student45;75;0.23694
c.floats.uint-fit-1;student50;student7;75;0.249071
c.floats.uint-fit-1;student50;student35;75;0.209765
c.floats.uint-fit-1;student50;student9;75;0.26151
c.floats.uint-fit-1;student48;student46;75;0.238532
c.floats.uint-fit-1;student48;student49;75;0.326848
c.floats.uint-fit-1;student5;student52;75;0.169118
c.floats.uint-fit-1;student39;student52;75;0.183908
c.floats.uint-fit-1;student45;student52;75;0.29326
c.floats.uint-fit-1;student8;student52;75;0.185315
c.floats.uint-fit-1;student34;student52;75;0.18593
c.floats.uint-fit-1;student44;student52;75;0.211149
c.floats.uint-fit-1;student49;student37;76;0.3125
c.floats.uint-fit-1;student46;student1;76;0.384906
c.floats.uint-fit-1;student46;student5;76;0.335849
c.floats.uint-fit-1;student46;student6;76;0.286783
c.floats.uint-fit-1;student50;student22;76;0.29902
c.floats.uint-fit-1;student50;student39;76;0.246575
c.floats.uint-fit-1;student50;student19;76;0.327027
c.floats.uint-fit-1;student48;student50;76;0.337838
c.floats.uint-fit-1;student49;student32;76;0.281008
c.floats.uint-fit-1;student10;student46;76;0.325581
c.floats.uint-fit-1;student22;student52;76;0.275618
c.floats.uint-fit-1;student43;student52;76;0.18555
c.floats.uint-fit-1;student45;student4;76;0.200508
c.floats.uint-fit-1;student7;student52;76;0.245989
c.floats.uint-fit-1;student51;student17;76;0.297297
c.floats.uint-fit-1;student17;student52;76;0.196013
c.floats.uint-fit-1;student31;student49;76;0.245247
c.floats.uint-fit-1;student26;student51;77;0.228501
c.floats.uint-fit-1;student6;student51;77;0.171141
c.floats.uint-fit-1;student29;student51;77;0.106312
c.floats.uint-fit-1;student5;student51;77;0.123574
c.floats.uint-fit-1;student46;student26;77;0.2
c.floats.uint-fit-1;student49;student28;77;0.347518
c.floats.uint-fit-1;student50;student25;77;0.247934
c.floats.uint-fit-1;student50;student38;77;0.244275
c.floats.uint-fit-1;student50;student27;77;0.282313
c.floats.uint-fit-1;student6;student52;77;0.235088
c.floats.uint-fit-1;student13;student52;77;0.294872
c.floats.uint-fit-1;student16;student52;77;0.167587
c.floats.uint-fit-1;student14;student52;77;0.146939
c.floats.uint-fit-1;student49;student22;78;0.285388
c.floats.uint-fit-1;student49;student45;78;0.274254
c.floats.uint-fit-1;student49;student35;78;0.201107
c.floats.uint-fit-1;student50;student8;78;0.271318
c.floats.uint-fit-1;student50;student17;78;0.240816
c.floats.uint-fit-1;student27;student52;78;0.205882
c.floats.uint-fit-1;student49;student7;79;0.316195
c.floats.uint-fit-1;student49;student38;79;0.225
c.floats.uint-fit-1;student49;student19;79;0.332454
c.floats.uint-fit-1;student49;student9;79;0.234432
c.floats.uint-fit-1;student50;student23;79;0.282799
c.floats.uint-fit-1;student50;student18;79;0.321569
c.floats.uint-fit-1;student51;student21;79;0.263768
c.floats.uint-fit-1;student19;student52;79;0.172906
c.floats.uint-fit-1;student20;student52;79;0.220779
c.floats.uint-fit-1;student14;student51;79;0.095
c.floats.uint-fit-1;student2;student52;79;0.182137
c.floats.uint-fit-1;student18;student52;79;0.176587
c.floats.uint-fit-1;student49;student39;80;0.251732
c.floats.uint-fit-1;student49;student8;80;0.281579
c.floats.uint-fit-1;student49;student27;80;0.291667
c.floats.uint-fit-1;student50;student5;80;0.341912
c.floats.uint-fit-1;student50;student6;80;0.180791
c.floats.uint-fit-1;student48;student52;80;0.215929
c.floats.uint-fit-1;student49;student52;80;0.267658
c.floats.uint-fit-1;student50;student52;80;0.233456
c.floats.uint-fit-1;student51;student13;80;0.132988
c.floats.uint-fit-1;student51;student52;80;0.186603
c.floats.uint-fit-1;student21;student52;80;0.213645
c.floats.uint-fit-1;student16;student51;80;0.117978
c.floats.uint-fit-1;student18;student51;81;0.111984
c.floats.uint-fit-1;student49;student25;81;0.244898
c.floats.uint-fit-1;student49;student18;81;0.352941
c.floats.uint-fit-1;student49;student17;81;0.242
c.floats.uint-fit-1;student50;student29;81;0.320158
c.floats.uint-fit-1;student46;student15;81;0.311284
c.floats.uint-fit-1;student10;student51;81;0.113145
c.floats.uint-fit-1;student50;student16;81;0.354244
c.floats.uint-fit-1;student1;student52;81;0.238971
c.floats.uint-fit-1;student51;student20;82;0.197411
c.floats.uint-fit-1;student2;student51;82;0.112
c.floats.uint-fit-1;student1;student51;82;0.117745
c.floats.uint-fit-1;student11;student51;82;0.119008
c.floats.uint-fit-1;student50;student12;82;0.314763
c.floats.uint-fit-1;student46;student3;82;0.232759
c.floats.uint-fit-1;student23;student52;82;0.210325
c.floats.uint-fit-1;student15;student51;83;0.158621
c.floats.uint-fit-1;student49;student23;83;0.304734
c.floats.uint-fit-1;student49;student29;83;0.342308
c.floats.uint-fit-1;student49;student16;83;0.32
c.floats.uint-fit-1;student50;student14;83;0.26087
c.floats.uint-fit-1;student15;student52;83;0.247601
c.floats.uint-fit-1;student12;student52;83;0.192015
c.floats.uint-fit-1;student3;student51;84;0.123631
c.floats.uint-fit-1;student49;student5;84;0.317164
c.floats.uint-fit-1;student49;student6;84;0.192015
c.floats.uint-fit-1;student50;student2;84;0.189781
c.floats.uint-fit-1;student24;student51;85;0.107018
c.floats.uint-fit-1;student50;student1;85;0.309963
c.floats.uint-fit-1;student50;student20;85;0.25641
c.floats.uint-fit-1;student50;student21;85;0.208255
c.floats.uint-fit-1;student10;student52;85;0.22043
c.floats.uint-fit-1;student11;student52;85;0.190053
c.floats.uint-fit-1;student10;student50;86;0.307692
c.floats.uint-fit-1;student49;student12;86;0.3297
c.floats.uint-fit-1;student50;student13;86;0.294498
c.floats.uint-fit-1;student49;student14;87;0.295964
c.floats.uint-fit-1;student50;student26;88;0.206413
c.floats.uint-fit-1;student49;student21;88;0.198842
c.floats.uint-fit-1;student46;student4;88;0.367347
c.floats.uint-fit-1;student50;student11;88;0.3125
c.floats.uint-fit-1;student26;student52;88;0.181985
c.floats.uint-fit-1;student49;student10;89;0.280702
c.floats.uint-fit-1;student49;student2;89;0.270358
c.floats.uint-fit-1;student49;student20;89;0.300781
c.floats.uint-fit-1;student49;student13;89;0.293548
c.floats.uint-fit-1;student46;student24;89;0.165829
c.floats.uint-fit-1;student50;student15;89;0.286245
c.floats.uint-fit-1;student3;student52;89;0.170813
c.floats.uint-fit-1;student49;student11;90;0.151515
c.floats.uint-fit-1;student49;student1;90;0.300366
c.floats.uint-fit-1;student51;student4;90;0.0946292
c.floats.uint-fit-1;student49;student26;91;0.202783
c.floats.uint-fit-1;student53;student52;91;0.274966
c.floats.uint-fit-1;student49;student15;93;0.276753
c.floats.uint-fit-1;student50;student3;94;0.234501
c.floats.uint-fit-1;student24;student52;94;0.165138
c.floats.uint-fit-1;student4;student52;95;0.137472
c.floats.uint-fit-1;student49;student3;98;0.214674
c.floats.uint-fit-1;student50;student24;99;0.156627
c.floats.uint-fit-1;student50;student4;99;0.356757
c.floats.uint-fit-1;student49;student24;102;0.14902
c.floats.uint-fit-1;student49;student4;102;0.452632
c.floats.uint-fit-1;student49;student53;109;0.195893
c.floats.uint-fit-1;student50;student53;109;0.189744
c.floats.uint-fit-1;student46;student53;111;0.151592
c.floats.uint-fit-1;student47;student53;112;0.263274
c.floats.uint-fit-1;student42;student53;113;0.163347
c.floats.uint-fit-1;student33;student53;115;0.184584
c.floats.uint-fit-1;student31;student53;115;0.200271
c.floats.uint-fit-1;student37;student53;116;0.199478
c.floats.uint-fit-1;student53;student40;116;0.213115
c.floats.uint-fit-1;student39;student53;117;0.22686
c.floats.uint-fit-1;student53;student51;118;0.187079
c.floats.uint-fit-1;student45;student53;118;0.239716
c.floats.uint-fit-1;student53;student38;120;0.233051
c.floats.uint-fit-1;student44;student53;120;0.211414
c.floats.uint-fit-1;student53;student9;121;0.198347
c.floats.uint-fit-1;student53;student35;121;0.207672
c.floats.uint-fit-1;student25;student53;121;0.210312
c.floats.uint-fit-1;student53;student34;122;0.179161
c.floats.uint-fit-1;student8;student53;123;0.286119
c.floats.uint-fit-1;student36;student53;124;0.186224
c.floats.uint-fit-1;student22;student53;124;0.185333
c.floats.uint-fit-1;student7;student53;124;0.193167
c.floats.uint-fit-1;student53;student28;125;0.193732
c.floats.uint-fit-1;student32;student53;125;0.228022
c.floats.uint-fit-1;student43;student53;127;0.165621
c.floats.uint-fit-1;student48;student53;127;0.166667
c.floats.uint-fit-1;student53;student30;127;0.15505
c.floats.uint-fit-1;student41;student53;128;0.137119
c.floats.uint-fit-1;student29;student53;130;0.268657
c.floats.uint-fit-1;student53;student19;130;0.161785
c.floats.uint-fit-1;student53;student27;133;0.138522
c.floats.uint-fit-1;student53;student17;133;0.198946
c.floats.uint-fit-1;student53;student16;133;0.260586
c.floats.uint-fit-1;student18;student53;134;0.222603
c.floats.uint-fit-1;student5;student53;135;0.307985
c.floats.uint-fit-1;student23;student53;135;0.159218
c.floats.uint-fit-1;student53;student6;135;0.144986
c.floats.uint-fit-1;student14;student53;135;0.316872
c.floats.uint-fit-1;student53;student20;136;0.259124
c.floats.uint-fit-1;student53;student12;136;0.156643
c.floats.uint-fit-1;student53;student13;136;0.192837
c.floats.uint-fit-1;student53;student21;137;0.150492
c.floats.uint-fit-1;student2;student53;138;0.165572
c.floats.uint-fit-1;student1;student53;139;0.116
c.floats.uint-fit-1;student53;student26;141;0.163014
c.floats.uint-fit-1;student15;student53;142;0.294776
c.floats.uint-fit-1;student10;student53;143;0.156969
c.floats.uint-fit-1;student11;student53;144;0.0982962
c.floats.uint-fit-1;student53;student3;149;0.138018
c.floats.uint-fit-1;student24;student53;153;0.165035
c.floats.uint-fit-1;student53;student4;155;0.242574
